Workbook

Sheet 明细
A1: 序号 | B1: 报表月份 | C1: 供应单位 | D1: 供应商全称 | E1: 报表月份供应商 | F1: 运输单位 | G1: 车数 | H1: 重量 | I1: 矿发量 | J1: 发热量 | K1: 矿发热量 | L1: 运费单价 | M1: 运费 | N1: 到厂价格 | O1: 矿发价格
A2: 1 | B2: 2024-01 | C2: 大同煤矿集团北辛窑煤业有限公司（1-1火车） | D2: 大同煤矿集团北辛窑煤业有限公司 | E2: 2024-01-大同煤矿集团北辛窑煤业有限公司 | F2: 晋能快成物流科技有限公司 | G2: 1403 | H2: 26101.84 | J2: 3501 | L2: =VLOOKUP(D2,运费!B:C,2,0) -> 147.1 | M2: =H2*L2 -> 3839580.7 | N2: {=(_xlfn.IFS(J2>=4300,570/550*J2,J2>=3800,0.0806*J2,J2>=3300,0.0706*J2,J2>=2500,0.0676*J2,TRUE,0.02*J2)+10)*H2} -> 6712625.9
A3: 2 | B3: 2024-01 | C3: 大同煤矿集团有限公司程家沟煤矿（1-1火车宝特） | D3: 大同煤矿集团有限公司程家沟煤矿 | E3: 2024-01-大同煤矿集团有限公司程家沟煤矿 | F3: 晋能快成物流科技有限公司 | G3: 500 | H3: 14377.61 | J3: 3311 | L3: =VLOOKUP(D3,运费!B:C,2,0) -> 192.75 | M3: =H3*L3 -> 2771284.3 | N3: {=(_xlfn.IFS(J3>=4300,570/550*J3,J3>=3800,0.0806*J3,J3>=3300,0.0706*J3,J3>=2500,0.0676*J3,TRUE,0.02*J3)+10)*H3} -> 3504637.3
A4: 3 | B4: 2024-01 | C4: 河南农投供应链管理有限公司（1-1） | D4: 河南农投供应链管理有限公司 | E4: 2024-01-河南农投供应链管理有限公司 | F4: 晋能快成物流科技有限公司 | G4: 179 | H4: 3339.04 | J4: 4481 | L4: =VLOOKUP(D4,运费!B:C,2,0) -> 21.8 | M4: =H4*L4 -> 72791.072 | N4: {=(_xlfn.IFS(J4>=4300,570/550*J4,J4>=3800,0.0806*J4,J4>=3300,0.0706*J4,J4>=2500,0.0676*J4,TRUE,0.02*J4)+10)*H4} -> 15539710
A5: 4 | B5: 2024-01 | C5: 河南农投供应链管理有限公司（12-2增量） | D5: 河南农投供应链管理有限公司 | E5: 2024-01-河南农投供应链管理有限公司 | F5: 晋能快成物流科技有限公司 | G5: 262 | H5: 4852.58 | J5: 4481 | L5: =VLOOKUP(D5,运费!B:C,2,0) -> 21.8 | M5: =H5*L5 -> 105786.24 | N5: {=(_xlfn.IFS(J5>=4300,570/550*J5,J5>=3800,0.0806*J5,J5>=3300,0.0706*J5,J5>=2500,0.0676*J5,TRUE,0.02*J5)+10)*H5} -> 22583643
A6: 5 | B6: 2024-01 | C6: 洪洞阳光能源有限公司（12-1） | D6: 洪洞阳光能源有限公司 | E6: 2024-01-洪洞阳光能源有限公司 | F6: 晋能快成物流科技有限公司 | G6: 235 | H6: 4284.12 | J6: 3960 | L6: =VLOOKUP(D6,运费!B:C,2,0) -> 10.355 | M6: =H6*L6 -> 44362.063 | N6: {=(_xlfn.IFS(J6>=4300,570/550*J6,J6>=3800,0.0806*J6,J6>=3300,0.0706*J6,J6>=2500,0.0676*J6,TRUE,0.02*J6)+10)*H6} -> 1410229.5
A7: 6 | B7: 2024-01 | C7: 侯马鼎坤源能源有限公司（1-1） | D7: 侯马鼎坤源能源有限公司 | E7: 2024-01-侯马鼎坤源能源有限公司 | F7: 晋能快成物流科技有限公司 | G7: 109 | H7: 3296 | J7: 4176 | L7: =VLOOKUP(D7,运费!B:C,2,0) -> 33.79 | M7: =H7*L7 -> 111371.84 | N7: {=(_xlfn.IFS(J7>=4300,570/550*J7,J7>=3800,0.0806*J7,J7>=3300,0.0706*J7,J7>=2500,0.0676*J7,TRUE,0.02*J7)+10)*H7} -> 1142346.1
A8: 7 | B8: 2024-01 | C8: 晋能控股集团盛泰煤业有限公司（1-1） | D8: 晋能控股集团盛泰煤业有限公司 | E8: 2024-01-晋能控股集团盛泰煤业有限公司 | F8: 晋能快成物流科技有限公司 | G8: 612 | H8: 19855.3 | J8: 4288 | L8: =VLOOKUP(D8,运费!B:C,2,0) -> 104.5 | M8: =H8*L8 -> 2074878.8 | N8: {=(_xlfn.IFS(J8>=4300,570/550*J8,J8>=3800,0.0806*J8,J8>=3300,0.0706*J8,J8>=2500,0.0676*J8,TRUE,0.02*J8)+10)*H8} -> 7060798.8
A9: 8 | B9: 2024-01 | C9: 晋能控股煤业集团沁水胡底煤业有限公司（1-1） | D9: 晋能控股煤业集团沁水胡底煤业有限公司 | E9: 2024-01-晋能控股煤业集团沁水胡底煤业有限公司 | F9: 晋能快成物流科技有限公司 | G9: 182 | H9: 5754 | J9: 4511 | L9: =VLOOKUP(D9,运费!B:C,2,0) -> 78 | M9: =H9*L9 -> 448812 | N9: {=(_xlfn.IFS(J9>=4300,570/550*J9,J9>=3800,0.0806*J9,J9>=3300,0.0706*J9,J9>=2500,0.0676*J9,TRUE,0.02*J9)+10)*H9} -> 26957699
A10: 9 | B10: 2024-01 | C10: 晋能控股煤业集团翼城华泓煤业有限公司（1-1） | D10: 晋能控股煤业集团翼城华泓煤业有限公司 | E10: 2024-01-晋能控股煤业集团翼城华泓煤业有限公司 | F10: 晋能快成物流科技有限公司 | G10: 879 | H10: 28078.13 | J10: 4388 | L10: =VLOOKUP(D10,运费!B:C,2,0) -> 58 | M10: =H10*L10 -> 1628531.5 | N10: {=(_xlfn.IFS(J10>=4300,570/550*J10,J10>=3800,0.0806*J10,J10>=3300,0.0706*J10,J10>=2500,0.0676*J10,TRUE,0.02*J10)+10)*H10} -> 1.2796786e+08
A11: 10 | B11: 2024-01 | C11: 临汾市侯马经济开发区鑫鑫商贸有限公司（1-1） | D11: 临汾市侯马经济开发区鑫鑫商贸有限公司 | E11: 2024-01-临汾市侯马经济开发区鑫鑫商贸有限公司 | F11: 晋能快成物流科技有限公司 | G11: 325 | H11: 5873.36 | J11: 4448 | L11: =VLOOKUP(D11,运费!B:C,2,0) -> 10.355 | M11: =H11*L11 -> 60818.643 | N11: {=(_xlfn.IFS(J11>=4300,570/550*J11,J11>=3800,0.0806*J11,J11>=3300,0.0706*J11,J11>=2500,0.0676*J11,TRUE,0.02*J11)+10)*H11} -> 27133428
A12: 11 | B12: 2024-01 | C12: 临汾市侯马经济开发区鑫鑫商贸有限公司（12-1） | D12: 临汾市侯马经济开发区鑫鑫商贸有限公司 | E12: 2024-01-临汾市侯马经济开发区鑫鑫商贸有限公司 | F12: 晋能快成物流科技有限公司 | G12: 118 | H12: 2144.96 | J12: 4448 | L12: =VLOOKUP(D12,运费!B:C,2,0) -> 10.355 | M12: =H12*L12 -> 22211.061 | N12: {=(_xlfn.IFS(J12>=4300,570/550*J12,J12>=3800,0.0806*J12,J12>=3300,0.0706*J12,J12>=2500,0.0676*J12,TRUE,0.02*J12)+10)*H12} -> 9909169.2
A13: 12 | B13: 2024-01 | C13: 山西芳瑞芳菲商贸有限公司(12-2增量) | D13: 山西芳瑞芳菲商贸有限公司 | E13: 2024-01-山西芳瑞芳菲商贸有限公司 | F13: 晋能快成物流科技有限公司 | G13: 132 | H13: 2411.82 | J13: 4032 | L13: =VLOOKUP(D13,运费!B:C,2,0) -> 10.355 | M13: =H13*L13 -> 24974.396 | N13: {=(_xlfn.IFS(J13>=4300,570/550*J13,J13>=3800,0.0806*J13,J13>=3300,0.0706*J13,J13>=2500,0.0676*J13,TRUE,0.02*J13)+10)*H13} -> 807909.53
... A42: 8 | B42: 2024-02 | C42: 山西汾河焦煤股份有限公司三交河煤矿（2-1） | D42: 山西汾河焦煤股份有限公司三交河煤矿 | E42: 2024-02-山西汾河焦煤股份有限公司三交河煤矿 | F42: 山西焦煤物流有限责任公司 | G42: 237 | H42: 7537.78 | J42: 4102 | L42: =VLOOKUP(D42,运费!B:C,2,0) -> 117 | M42: =H42*L42 -> 881920.26 | N42: {=(_xlfn.IFS(J42>=4300,570/550*J42,J42>=3800,0.0806*J42,J42>=3300,0.0706*J42,J42>=2500,0.0676*J42,TRUE,0.02*J42)+10)*H42} -> 2567527.7
A43: 9 | B43: 2024-02 | C43: 山西焦煤汾西矿业昊锦塬煤业(2-1) | D43: 山西焦煤汾西矿业昊锦塬煤业 | E43: 2024-02-山西焦煤汾西矿业昊锦塬煤业 | F43: 山西焦煤物流有限责任公司 | G43: 14 | H43: 441.28 | J43: #N/A | L43: =VLOOKUP(D43,运费!B:C,2,0) -> 81 | M43: =H43*L43 -> 35743.68 | N43: {=(_xlfn.IFS(J43>=4300,570/550*J43,J43>=3800,0.0806*J43,J43>=3300,0.0706*J43,J43>=2500,0.0676*J43,TRUE,0.02*J43)+10)*H43} -> #N/A
A44: 10 | B44: 2024-02 | C44: 山西焦煤集团辛置矿（2-1） | D44: 山西焦煤集团辛置矿 | E44: 2024-02-山西焦煤集团辛置矿 | F44: 山西焦煤物流有限责任公司 | G44: 6 | H44: 193.4 | J44: 4146 | L44: =VLOOKUP(D44,运费!B:C,2,0) -> 79 | M44: =H44*L44 -> 15278.6 | N44: {=(_xlfn.IFS(J44>=4300,570/550*J44,J44>=3800,0.0806*J44,J44>=3300,0.0706*J44,J44>=2500,0.0676*J44,TRUE,0.02*J44)+10)*H44} -> 66562.014
A45: 11 | B45: 2024-02 | C45: 山西骏盛通能源有限公司（1-1） | D45: 山西骏盛通能源有限公司 | E45: 2024-02-山西骏盛通能源有限公司 | F45: 晋能快成物流科技有限公司 | G45: 376 | H45: 6697.86 | J45: 4105 | L45: =VLOOKUP(D45,运费!B:C,2,0) -> 10.355 | M45: =H45*L45 -> 69356.34 | N45: {=(_xlfn.IFS(J45>=4300,570/550*J45,J45>=3800,0.0806*J45,J45>=3300,0.0706*J45,J45>=2500,0.0676*J45,TRUE,0.02*J45)+10)*H45} -> 2283052.7
A46: 12 | B46: 2024-02 | C46: 山西煤炭运销集团盖州煤业有限公司（2-1） | D46: 山西煤炭运销集团盖州煤业有限公司 | E46: 2024-02-山西煤炭运销集团盖州煤业有限公司 | F46: 晋能快成物流科技有限公司 | G46: 77 | H46: 2505.84 | J46: 3959 | L46: =VLOOKUP(D46,运费!B:C,2,0) -> 101.5 | M46: =H46*L46 -> 254342.76 | N46: {=(_xlfn.IFS(J46>=4300,570/550*J46,J46>=3800,0.0806*J46,J46>=3300,0.0706*J46,J46>=2500,0.0676*J46,TRUE,0.02*J46)+10)*H46} -> 824660.42
A47: 13 | B47: 2024-02 | C47: 山西煤炭运销集团神农煤业有限公司（2-1） | D47: 山西煤炭运销集团神农煤业有限公司 | E47: 2024-02-山西煤炭运销集团神农煤业有限公司 | F47: 晋能快成物流科技有限公司 | G47: 13 | H47: 421.96 | J47: #N/A | L47: =VLOOKUP(D47,运费!B:C,2,0) -> 105 | M47: =H47*L47 -> 44305.8 | N47: {=(_xlfn.IFS(J47>=4300,570/550*J47,J47>=3800,0.0806*J47,J47>=3300,0.0706*J47,J47>=2500,0.0676*J47,TRUE,0.02*J47)+10)*H47} -> #N/A
A48: 14 | B48: 2024-02 | C48: 山西煤炭运销集团四明山煤业有限公司（2-1） | D48: 山西煤炭运销集团四明山煤业有限公司 | E48: 2024-02-山西煤炭运销集团四明山煤业有限公司 | F48: 晋能快成物流科技有限公司 | G48: 91 | H48: 2963.04 | J48: 4139 | L48: =VLOOKUP(D48,运费!B:C,2,0) -> 104.5 | M48: =H48*L48 -> 309637.68 | N48: {=(_xlfn.IFS(J48>=4300,570/550*J48,J48>=3800,0.0806*J48,J48>=3300,0.0706*J48,J48>=2500,0.0676*J48,TRUE,0.02*J48)+10)*H48} -> 1018110.6
A49: 15 | B49: 2024-02 | C49: 山西统配煤炭物流有限公司（1-1） | D49: 山西统配煤炭物流有限公司 | E49: 2024-02-山西统配煤炭物流有限公司 | F49: 晋能快成物流科技有限公司 | G49: 292 | H49: 5396.88 | J49: 4283 | L49: =VLOOKUP(D49,运费!B:C,2,0) -> 21.8 | M49: =H49*L49 -> 117651.98 | N49: {=(_xlfn.IFS(J49>=4300,570/550*J49,J49>=3800,0.0806*J49,J49>=3300,0.0706*J49,J49>=2500,0.0676*J49,TRUE,0.02*J49)+10)*H49} -> 1917024.7
A50: 16 | B50: 2024-02 | C50: 山西鑫健商贸有限公司（1-1） | D50: 山西鑫健商贸有限公司 | E50: 2024-02-山西鑫健商贸有限公司 | F50: 晋能快成物流科技有限公司 | G50: 900 | H50: 16706.1 | J50: 4153 | L50: =VLOOKUP(D50,运费!B:C,2,0) -> 21.8 | M50: =H50*L50 -> 364192.98 | N50: {=(_xlfn.IFS(J50>=4300,570/550*J50,J50>=3800,0.0806*J50,J50>=3300,0.0706*J50,J50>=2500,0.0676*J50,TRUE,0.02*J50)+10)*H50} -> 5759123.9
A51: 17 | B51: 2024-02 | C51: 太原煤气化股份有限公司炉峪口煤矿（1-1宝特） | D51: 太原煤气化股份有限公司炉峪口煤矿 | E51: 2024-02-太原煤气化股份有限公司炉峪口煤矿 | F51: 晋能快成物流科技有限公司 | G51: 124 | H51: 3591.06 | J51: 3064 | L51: =VLOOKUP(D51,运费!B:C,2,0) -> 116.8 | M51: =H51*L51 -> 419435.81 | N51: {=(_xlfn.IFS(J51>=4300,570/550*J51,J51>=3800,0.0806*J51,J51>=3300,0.0706*J51,J51>=2500,0.0676*J51,TRUE,0.02*J51)+10)*H51} -> 779713.93
A52: 18 | B52: 2024-02 | C52: 太原煤气化股份有限公司炉峪口煤矿（2-1宝特） | D52: 太原煤气化股份有限公司炉峪口煤矿 | E52: 2024-02-太原煤气化股份有限公司炉峪口煤矿 | F52: 晋能快成物流科技有限公司 | G52: 169 | H52: 3520.84 | J52: 3064 | L52: =VLOOKUP(D52,运费!B:C,2,0) -> 116.8 | M52: =H52*L52 -> 411234.11 | N52: {=(_xlfn.IFS(J52>=4300,570/550*J52,J52>=3800,0.0806*J52,J52>=3300,0.0706*J52,J52>=2500,0.0676*J52,TRUE,0.02*J52)+10)*H52} -> 764467.31
A53: 19 | B53: 2024-02 | C53: 太原煤气化龙泉能源（1-1火车） | D53: 太原煤气化龙泉能源 | E53: 2024-02-太原煤气化龙泉能源 | F53: 晋能快成物流科技有限公司 | G53: 380 | H53: 6978.76 | J53: 4863 | L53: =VLOOKUP(D53,运费!B:C,2,0) -> 108.51 | M53: =H53*L53 -> 757265.25 | N53: {=(_xlfn.IFS(J53>=4300,570/550*J53,J53>=3800,0.0806*J53,J53>=3300,0.0706*J53,J53>=2500,0.0676*J53,TRUE,0.02*J53)+10)*H53} -> 35241596
A54: 20 | B54: 2024-02 | C54: 太原煤气化龙泉能源（2-1火车） | D54: 太原煤气化龙泉能源 | E54: 2024-02-太原煤气化龙泉能源 | F54: 晋能快成物流科技有限公司 | G54: 745 | H54: 13746.38 | J54: 4863 | L54: =VLOOKUP(D54,运费!B:C,2,0) -> 108.51 | M54: =H54*L54 -> 1491619.7 | N54: {=(_xlfn.IFS(J54>=4300,570/550*J54,J54>=3800,0.0806*J54,J54>=3300,0.0706*J54,J54>=2500,0.0676*J54,TRUE,0.02*J54)+10)*H54} -> 69416970
A55: 21 | B55: 2024-02 | C55: 襄汾县浩群煤业有限公司（1-1） | D55: 襄汾县浩群煤业有限公司 | E55: 2024-02-襄汾县浩群煤业有限公司 | F55: 晋能快成物流科技有限公司 | G55: 32 | H55: 723.02 | J55: 4374 | L55: =VLOOKUP(D55,运费!B:C,2,0) -> 33.79 | M55: =H55*L55 -> 24430.846 | N55: {=(_xlfn.IFS(J55>=4300,570/550*J55,J55>=3800,0.0806*J55,J55>=3300,0.0706*J55,J55>=2500,0.0676*J55,TRUE,0.02*J55)+10)*H55} -> 3284719.3
A56: 22 | B56: 2024-02 | C56: 阳泉煤业集团翼城山凹煤业有限公司（2-1） | D56: 阳泉煤业集团翼城山凹煤业有限公司 | E56: 2024-02-阳泉煤业集团翼城山凹煤业有限公司 | F56: 晋能快成物流科技有限公司 | G56: 92 | H56: 2937.34 | J56: 4579 | L56: =VLOOKUP(D56,运费!B:C,2,0) -> 60.5 | M56: =H56*L56 -> 177709.07 | N56: {=(_xlfn.IFS(J56>=4300,570/550*J56,J56>=3800,0.0806*J56,J56>=3300,0.0706*J56,J56>=2500,0.0676*J56,TRUE,0.02*J56)+10)*H56} -> 13968547
A57: 1 | B57: 2024-03 | C57: 大同煤矿集团北辛窑煤业有限公司（2-1火车） | D57: 大同煤矿集团北辛窑煤业有限公司 | E57: 2024-03-大同煤矿集团北辛窑煤业有限公司 | F57: 晋能快成物流科技有限公司 | G57: 1086 | H57: 20164.9 | J57: 3409 | L57: =VLOOKUP(D57,运费!B:C,2,0) -> 147.1 | M57: =H57*L57 -> 2966256.8 | N57: {=(_xlfn.IFS(J57>=4300,570/550*J57,J57>=3800,0.0806*J57,J57>=3300,0.0706*J57,J57>=2500,0.0676*J57,TRUE,0.02*J57)+10)*H57} -> 5054844.4
A58: 2 | B58: 2024-03 | C58: 大同煤矿集团北辛窑煤业有限公司（3-1火车） | D58: 大同煤矿集团北辛窑煤业有限公司 | E58: 2024-03-大同煤矿集团北辛窑煤业有限公司 | F58: 晋能快成物流科技有限公司 | G58: 1393 | H58: 26168.38 | J58: 3409 | L58: =VLOOKUP(D58,运费!B:C,2,0) -> 147.1 | M58: =H58*L58 -> 3849368.7 | N58: {=(_xlfn.IFS(J58>=4300,570/550*J58,J58>=3800,0.0806*J58,J58>=3300,0.0706*J58,J58>=2500,0.0676*J58,TRUE,0.02*J58)+10)*H58} -> 6559769.1
A59: 3 | B59: 2024-03 | C59: 晋能控股集团盛泰煤业有限公司（2-1） | D59: 晋能控股集团盛泰煤业有限公司 | E59: 2024-03-晋能控股集团盛泰煤业有限公司 | F59: 晋能快成物流科技有限公司 | G59: 16 | H59: 517.74 | J59: 3944 | L59: =VLOOKUP(D59,运费!B:C,2,0) -> 104.5 | M59: =H59*L59 -> 54103.83 | N59: {=(_xlfn.IFS(J59>=4300,570/550*J59,J59>=3800,0.0806*J59,J59>=3300,0.0706*J59,J59>=2500,0.0676*J59,TRUE,0.02*J59)+10)*H59} -> 169759.9
... A78: 2 | B78: 2024-04 | C78: 晋能控股集团盛泰煤业有限公司（4-1） | D78: 晋能控股集团盛泰煤业有限公司 | E78: 2024-04-晋能控股集团盛泰煤业有限公司 | F78: 晋能快成物流科技有限公司 | G78: 179 | H78: 5858.72 | J78: 5138 | L78: =VLOOKUP(D78,运费!B:C,2,0) -> 104.5 | M78: =H78*L78 -> 612236.24 | N78: {=(_xlfn.IFS(J78>=4300,570/550*J78,J78>=3800,0.0806*J78,J78>=3300,0.0706*J78,J78>=2500,0.0676*J78,TRUE,0.02*J78)+10)*H78} -> 31255313
A79: 3 | B79: 2024-04 | C79: 晋能控股煤业集团沁水胡底煤业有限公司（4-1） | D79: 晋能控股煤业集团沁水胡底煤业有限公司 | E79: 2024-04-晋能控股煤业集团沁水胡底煤业有限公司 | F79: 晋能快成物流科技有限公司 | G79: 46 | H79: 1437.8 | J79: #N/A | L79: =VLOOKUP(D79,运费!B:C,2,0) -> 78 | M79: =H79*L79 -> 112148.4 | N79: {=(_xlfn.IFS(J79>=4300,570/550*J79,J79>=3800,0.0806*J79,J79>=3300,0.0706*J79,J79>=2500,0.0676*J79,TRUE,0.02*J79)+10)*H79} -> #N/A
A80: 4 | B80: 2024-04 | C80: 晋能控股煤业集团翼城华泓煤业有限公司（4-1） | D80: 晋能控股煤业集团翼城华泓煤业有限公司 | E80: 2024-04-晋能控股煤业集团翼城华泓煤业有限公司 | F80: 晋能快成物流科技有限公司 | G80: 258 | H80: 8264.73 | J80: 3956 | L80: =VLOOKUP(D80,运费!B:C,2,0) -> 58 | M80: =H80*L80 -> 479354.34 | N80: {=(_xlfn.IFS(J80>=4300,570/550*J80,J80>=3800,0.0806*J80,J80>=3300,0.0706*J80,J80>=2500,0.0676*J80,TRUE,0.02*J80)+10)*H80} -> 2717886.2
A81: 5 | B81: 2024-04 | C81: 山西汾河焦煤股份有限公司三交河煤矿（3-1） | D81: 山西汾河焦煤股份有限公司三交河煤矿 | E81: 2024-04-山西汾河焦煤股份有限公司三交河煤矿 | F81: 山西焦煤物流有限责任公司 | G81: 16 | H81: 508.56 | J81: 4368 | L81: =VLOOKUP(D81,运费!B:C,2,0) -> 117 | M81: =H81*L81 -> 59501.52 | N81: {=(_xlfn.IFS(J81>=4300,570/550*J81,J81>=3800,0.0806*J81,J81>=3300,0.0706*J81,J81>=2500,0.0676*J81,TRUE,0.02*J81)+10)*H81} -> 2307253.5
A82: 6 | B82: 2024-04 | C82: 山西汾河焦煤股份有限公司三交河煤矿（4-1） | D82: 山西汾河焦煤股份有限公司三交河煤矿 | E82: 2024-04-山西汾河焦煤股份有限公司三交河煤矿 | F82: 山西焦煤物流有限责任公司 | G82: 310 | H82: 9911.14 | J82: 4368 | L82: =VLOOKUP(D82,运费!B:C,2,0) -> 117 | M82: =H82*L82 -> 1159603.4 | N82: {=(_xlfn.IFS(J82>=4300,570/550*J82,J82>=3800,0.0806*J82,J82>=3300,0.0706*J82,J82>=2500,0.0676*J82,TRUE,0.02*J82)+10)*H82} -> 44965220
A83: 7 | B83: 2024-04 | C83: 山西焦煤汾西矿业昊锦塬煤业(4-1) | D83: 山西焦煤汾西矿业昊锦塬煤业 | E83: 2024-04-山西焦煤汾西矿业昊锦塬煤业 | F83: 山西焦煤物流有限责任公司 | G83: 10 | H83: 309.64 | J83: 3399 | L83: =VLOOKUP(D83,运费!B:C,2,0) -> 81 | M83: =H83*L83 -> 25080.84 | N83: {=(_xlfn.IFS(J83>=4300,570/550*J83,J83>=3800,0.0806*J83,J83>=3300,0.0706*J83,J83>=2500,0.0676*J83,TRUE,0.02*J83)+10)*H83} -> 77400.525
A84: 8 | B84: 2024-04 | C84: 山西焦煤霍州煤电雪坪煤业有限公司（4-1） | D84: 山西焦煤霍州煤电雪坪煤业有限公司 | E84: 2024-04-山西焦煤霍州煤电雪坪煤业有限公司 | F84: 山西焦煤物流有限责任公司 | G84: 44 | H84: 1341.06 | J84: 2974 | L84: =VLOOKUP(D84,运费!B:C,2,0) -> 70 | M84: =H84*L84 -> 93874.2 | N84: {=(_xlfn.IFS(J84>=4300,570/550*J84,J84>=3800,0.0806*J84,J84>=3300,0.0706*J84,J84>=2500,0.0676*J84,TRUE,0.02*J84)+10)*H84} -> 283020.52
A85: 9 | B85: 2024-04 | C85: 山西焦煤集团辛置矿（4-1） | D85: 山西焦煤集团辛置矿 | E85: 2024-04-山西焦煤集团辛置矿 | F85: 山西焦煤物流有限责任公司 | G85: 92 | H85: 2983.36 | J85: 4012 | L85: =VLOOKUP(D85,运费!B:C,2,0) -> 79 | M85: =H85*L85 -> 235685.44 | N85: {=(_xlfn.IFS(J85>=4300,570/550*J85,J85>=3800,0.0806*J85,J85>=3300,0.0706*J85,J85>=2500,0.0676*J85,TRUE,0.02*J85)+10)*H85} -> 994554.37
A86: 10 | B86: 2024-04 | C86: 山西晋煤集团晋圣亿欣煤业有限公司（3-1） | D86: 山西晋煤集团晋圣亿欣煤业有限公司 | E86: 2024-04-山西晋煤集团晋圣亿欣煤业有限公司 | F86: 晋能快成物流科技有限公司 | G86: 44 | H86: 1402.62 | J86: 3765 | L86: =VLOOKUP(D86,运费!B:C,2,0) -> 67 | M86: =H86*L86 -> 93975.54 | N86: {=(_xlfn.IFS(J86>=4300,570/550*J86,J86>=3800,0.0806*J86,J86>=3300,0.0706*J86,J86>=2500,0.0676*J86,TRUE,0.02*J86)+10)*H86} -> 386855.22
A87: 11 | B87: 2024-04 | C87: 山西煤炭运销集团盖州煤业有限公司（4-1） | D87: 山西煤炭运销集团盖州煤业有限公司 | E87: 2024-04-山西煤炭运销集团盖州煤业有限公司 | F87: 晋能快成物流科技有限公司 | G87: 211 | H87: 6911.68 | J87: 4615 | L87: =VLOOKUP(D87,运费!B:C,2,0) -> 101.5 | M87: =H87*L87 -> 701535.52 | N87: {=(_xlfn.IFS(J87>=4300,570/550*J87,J87>=3800,0.0806*J87,J87>=3300,0.0706*J87,J87>=2500,0.0676*J87,TRUE,0.02*J87)+10)*H87} -> 33126426
A88: 12 | B88: 2024-04 | C88: 山西蒲县华胜煤业有限公司（4-1） | D88: 山西蒲县华胜煤业有限公司 | E88: 2024-04-山西蒲县华胜煤业有限公司 | F88: 晋能快成物流科技有限公司 | G88: 716 | H88: 23063.5 | J88: 2927 | L88: =VLOOKUP(D88,运费!B:C,2,0) -> 82 | M88: =H88*L88 -> 1891207 | N88: {=(_xlfn.IFS(J88>=4300,570/550*J88,J88>=3800,0.0806*J88,J88>=3300,0.0706*J88,J88>=2500,0.0676*J88,TRUE,0.02*J88)+10)*H88} -> 4794099
A89: 13 | B89: 2024-04 | C89: 太原煤气化股份有限公司炉峪口煤矿（3-1宝特） | D89: 太原煤气化股份有限公司炉峪口煤矿 | E89: 2024-04-太原煤气化股份有限公司炉峪口煤矿 | F89: 晋能快成物流科技有限公司 | G89: 120 | H89: 3596.48 | J89: 3074 | L89: =VLOOKUP(D89,运费!B:C,2,0) -> 116.8 | M89: =H89*L89 -> 420068.86 | N89: {=(_xlfn.IFS(J89>=4300,570/550*J89,J89>=3800,0.0806*J89,J89>=3300,0.0706*J89,J89>=2500,0.0676*J89,TRUE,0.02*J89)+10)*H89} -> 783321.98
A90: 14 | B90: 2024-04 | C90: 太原煤气化龙泉能源（3-1火车） | D90: 太原煤气化龙泉能源 | E90: 2024-04-太原煤气化龙泉能源 | F90: 晋能快成物流科技有限公司 | G90: 366 | H90: 6866.68 | J90: 4971 | L90: =VLOOKUP(D90,运费!B:C,2,0) -> 108.51 | M90: =H90*L90 -> 745103.45 | N90: {=(_xlfn.IFS(J90>=4300,570/550*J90,J90>=3800,0.0806*J90,J90>=3300,0.0706*J90,J90>=2500,0.0676*J90,TRUE,0.02*J90)+10)*H90} -> 35444179
A91: 15 | B91: 2024-04 | C91: 太原煤气化龙泉能源（4-1火车） | D91: 太原煤气化龙泉能源 | E91: 2024-04-太原煤气化龙泉能源 | F91: 晋能快成物流科技有限公司 | G91: 539 | H91: 9986.26 | J91: 4971 | L91: =VLOOKUP(D91,运费!B:C,2,0) -> 108.51 | M91: =H91*L91 -> 1083609.1 | N91: {=(_xlfn.IFS(J91>=4300,570/550*J91,J91>=3800,0.0806*J91,J91>=3300,0.0706*J91,J91>=2500,0.0676*J91,TRUE,0.02*J91)+10)*H91} -> 51546714
... A136: 4 | B136: 2024-08 | C136: 晋能控股集团沁秀公司坪上煤业（8-1） | D136: 晋能控股集团沁秀公司坪上煤业 | E136: 2024-08-晋能控股集团沁秀公司坪上煤业 | F136: 晋能快成物流科技有限公司 | G136: 134 | H136: 4156.74 | J136: 5681 | L136: =VLOOKUP(D136,运费!B:C,2,0) -> 78 | M136: =H136*L136 -> 324225.72 | N136: {=(_xlfn.IFS(J136>=4300,570/550*J136,J136>=3800,0.0806*J136,J136>=3300,0.0706*J136,J136>=2500,0.0676*J136,TRUE,0.02*J136)+10)*H136} -> 24514714
A137: 5 | B137: 2024-08 | C137: 晋能控股集团盛泰煤业有限公司（7-1） | D137: 晋能控股集团盛泰煤业有限公司 | E137: 2024-08-晋能控股集团盛泰煤业有限公司 | F137: 晋能快成物流科技有限公司 | G137: 1 | H137: 30.92 | J137: #N/A | L137: =VLOOKUP(D137,运费!B:C,2,0) -> 104.5 | M137: =H137*L137 -> 3231.14 | N137: {=(_xlfn.IFS(J137>=4300,570/550*J137,J137>=3800,0.0806*J137,J137>=3300,0.0706*J137,J137>=2500,0.0676*J137,TRUE,0.02*J137)+10)*H137} -> #N/A
A138: 6 | B138: 2024-08 | C138: 晋能控股煤业集团翼城华泓煤业有限公司（8-1） | D138: 晋能控股煤业集团翼城华泓煤业有限公司 | E138: 2024-08-晋能控股煤业集团翼城华泓煤业有限公司 | F138: 晋能快成物流科技有限公司 | G138: 555 | H138: 17876.7 | J138: 4577 | L138: =VLOOKUP(D138,运费!B:C,2,0) -> 58 | M138: =H138*L138 -> 1036848.6 | N138: {=(_xlfn.IFS(J138>=4300,570/550*J138,J138>=3800,0.0806*J138,J138>=3300,0.0706*J138,J138>=2500,0.0676*J138,TRUE,0.02*J138)+10)*H138} -> 84975756
A139: 7 | B139: 2024-08 | C139: 山西焦煤霍州煤电雪坪煤业有限公司（8-1） | D139: 山西焦煤霍州煤电雪坪煤业有限公司 | E139: 2024-08-山西焦煤霍州煤电雪坪煤业有限公司 | F139: 山西焦煤物流有限责任公司 | G139: 106 | H139: 3355.42 | J139: 3484 | L139: =VLOOKUP(D139,运费!B:C,2,0) -> 70 | M139: =H139*L139 -> 234879.4 | N139: {=(_xlfn.IFS(J139>=4300,570/550*J139,J139>=3800,0.0806*J139,J139>=3300,0.0706*J139,J139>=2500,0.0676*J139,TRUE,0.02*J139)+10)*H139} -> 858888.2
A140: 8 | B140: 2024-08 | C140: 山西焦煤集团金辛达煤业（8-1） | D140: 山西焦煤集团金辛达煤业 | E140: 2024-08-山西焦煤集团金辛达煤业 | F140: 山西焦煤物流有限责任公司 | G140: 21 | H140: 616.1 | J140: 3665 | L140: =VLOOKUP(D140,运费!B:C,2,0) -> 113 | M140: =H140*L140 -> 69619.3 | N140: {=(_xlfn.IFS(J140>=4300,570/550*J140,J140>=3800,0.0806*J140,J140>=3300,0.0706*J140,J140>=2500,0.0676*J140,TRUE,0.02*J140)+10)*H140} -> 165576.26
A141: 9 | B141: 2024-08 | C141: 山西晋煤集团晋圣亿欣煤业有限公司（8-1） | D141: 山西晋煤集团晋圣亿欣煤业有限公司 | E141: 2024-08-山西晋煤集团晋圣亿欣煤业有限公司 | F141: 晋能快成物流科技有限公司 | G141: 187 | H141: 5756.38 | J141: 3794 | L141: =VLOOKUP(D141,运费!B:C,2,0) -> 67 | M141: =H141*L141 -> 385677.46 | N141: {=(_xlfn.IFS(J141>=4300,570/550*J141,J141>=3800,0.0806*J141,J141>=3300,0.0706*J141,J141>=2500,0.0676*J141,TRUE,0.02*J141)+10)*H141} -> 1599447
A142: 10 | B142: 2024-08 | C142: 山西晋煤集团临汾晋牛煤矿投资有限责任公司（8-1） | D142: 山西晋煤集团临汾晋牛煤矿投资有限责任公司 | E142: 2024-08-山西晋煤集团临汾晋牛煤矿投资有限责任公司 | F142: 山西焦煤物流有限责任公司 | G142: 33 | H142: 997.88 | J142: 4063 | L142: =VLOOKUP(D142,运费!B:C,2,0) -> 108 | M142: =H142*L142 -> 107771.04 | N142: {=(_xlfn.IFS(J142>=4300,570/550*J142,J142>=3800,0.0806*J142,J142>=3300,0.0706*J142,J142>=2500,0.0676*J142,TRUE,0.02*J142)+10)*H142} -> 336762.35
A143: 11 | B143: 2024-08 | C143: 山西晋煤集团沁秀煤业有限公司岳城煤矿(8-1) | D143: 山西晋煤集团沁秀煤业有限公司岳城煤矿 | E143: 2024-08-山西晋煤集团沁秀煤业有限公司岳城煤矿 | F143: 晋能快成物流科技有限公司 | G143: 156 | H143: 4930.28 | J143: 5576 | L143: =VLOOKUP(D143,运费!B:C,2,0) -> 81 | M143: =H143*L143 -> 399352.68 | N143: {=(_xlfn.IFS(J143>=4300,570/550*J143,J143>=3800,0.0806*J143,J143>=3300,0.0706*J143,J143>=2500,0.0676*J143,TRUE,0.02*J143)+10)*H143} -> 28540226
A144: 12 | B144: 2024-08 | C144: 山西煤炭运销集团莲盛有限公司（8-1火车） | D144: 山西煤炭运销集团莲盛有限公司 | E144: 2024-08-山西煤炭运销集团莲盛有限公司 | F144: 晋能快成物流科技有限公司 | G144: 440 | H144: 12765.34 | J144: 3970 | L144: =VLOOKUP(D144,运费!B:C,2,0) -> 175.5 | M144: =H144*L144 -> 2240317.2 | N144: {=(_xlfn.IFS(J144>=4300,570/550*J144,J144>=3800,0.0806*J144,J144>=3300,0.0706*J144,J144>=2500,0.0676*J144,TRUE,0.02*J144)+10)*H144} -> 4212332.4
A145: 13 | B145: 2024-08 | C145: 山西煤炭运销集团神农煤业有限公司（8-1） | D145: 山西煤炭运销集团神农煤业有限公司 | E145: 2024-08-山西煤炭运销集团神农煤业有限公司 | F145: 晋能快成物流科技有限公司 | G145: 40 | H145: 1264.14 | J145: 4930 | L145: =VLOOKUP(D145,运费!B:C,2,0) -> 105 | M145: =H145*L145 -> 132734.7 | N145: {=(_xlfn.IFS(J145>=4300,570/550*J145,J145>=3800,0.0806*J145,J145>=3300,0.0706*J145,J145>=2500,0.0676*J145,TRUE,0.02*J145)+10)*H145} -> 6471477.4
A146: 14 | B146: 2024-08 | C146: 山西煤炭运销集团野川有限公司（8-1） | D146: 山西煤炭运销集团野川有限公司 | E146: 2024-08-山西煤炭运销集团野川有限公司 | F146: 晋能快成物流科技有限公司 | G146: 30 | H146: 978.74 | J146: 5225 | L146: =VLOOKUP(D146,运费!B:C,2,0) -> 114.09 | M146: =H146*L146 -> 111664.45 | N146: {=(_xlfn.IFS(J146>=4300,570/550*J146,J146>=3800,0.0806*J146,J146>=3300,0.0706*J146,J146>=2500,0.0676*J146,TRUE,0.02*J146)+10)*H146} -> 5309664.5
A147: 15 | B147: 2024-08 | C147: 山西蒲县华胜煤业有限公司（8-1） | D147: 山西蒲县华胜煤业有限公司 | E147: 2024-08-山西蒲县华胜煤业有限公司 | F147: 晋能快成物流科技有限公司 | G147: 829 | H147: 26783.82 | J147: 2849 | L147: =VLOOKUP(D147,运费!B:C,2,0) -> 82 | M147: =H147*L147 -> 2196273.2 | N147: {=(_xlfn.IFS(J147>=4300,570/550*J147,J147>=3800,0.0806*J147,J147>=3300,0.0706*J147,J147>=2500,0.0676*J147,TRUE,0.02*J147)+10)*H147} -> 5426198.4
A148: 16 | B148: 2024-08 | C148: 太原煤气化龙泉能源（6-1火车） | D148: 太原煤气化龙泉能源 | E148: 2024-08-太原煤气化龙泉能源 | F148: 晋能快成物流科技有限公司 | G148: 144 | H148: 4176.58 | J148: 4835 | L148: =VLOOKUP(D148,运费!B:C,2,0) -> 108.51 | M148: =H148*L148 -> 453200.7 | N148: {=(_xlfn.IFS(J148>=4300,570/550*J148,J148>=3800,0.0806*J148,J148>=3300,0.0706*J148,J148>=2500,0.0676*J148,TRUE,0.02*J148)+10)*H148} -> 20969849
A149: 17 | B149: 2024-08 | C149: 太原煤气化龙泉能源（7-1火车） | D149: 太原煤气化龙泉能源 | E149: 2024-08-太原煤气化龙泉能源 | F149: 晋能快成物流科技有限公司 | G149: 371 | H149: 10704.1 | J149: 4835 | L149: =VLOOKUP(D149,运费!B:C,2,0) -> 108.51 | M149: =H149*L149 -> 1161501.9 | N149: {=(_xlfn.IFS(J149>=4300,570/550*J149,J149>=3800,0.0806*J149,J149>=3300,0.0706*J149,J149>=2500,0.0676*J149,TRUE,0.02*J149)+10)*H149} -> 53743340
... A152: 20 | B152: 2024-08 | C152: 阳泉煤业集团翼城山凹煤业有限公司（8-1） | D152: 阳泉煤业集团翼城山凹煤业有限公司 | E152: 2024-08-阳泉煤业集团翼城山凹煤业有限公司 | F152: 晋能快成物流科技有限公司 | G152: 1247 | H152: 39744.82 | J152: 4634 | L152: =VLOOKUP(D152,运费!B:C,2,0) -> 60.5 | M152: =H152*L152 -> 2404561.6 | N152: {=(_xlfn.IFS(J152>=4300,570/550*J152,J152>=3800,0.0806*J152,J152>=3300,0.0706*J152,J152>=2500,0.0676*J152,TRUE,0.02*J152)+10)*H152} -> 1.9127231e+08
A153: 1 | B153: 2024-09 | C153: 大同煤矿集团北辛窑煤业有限公司（8-1火车） | D153: 大同煤矿集团北辛窑煤业有限公司 | E153: 2024-09-大同煤矿集团北辛窑煤业有限公司 | F153: 晋能快成物流科技有限公司 | G153: 57 | H153: 1654.64 | J153: 2421 | L153: =VLOOKUP(D153,运费!B:C,2,0) -> 147.1 | M153: =H153*L153 -> 243397.54 | N153: {=(_xlfn.IFS(J153>=4300,570/5500*J153,J153>=3800,0.0806*J153,J153>=3300,0.0706*J153,J153>=2500,0.0676*J153,TRUE,0.02*J153)+10)*H153} -> 96664.069
A154: 2 | B154: 2024-09 | C154: 大同煤矿集团北辛窑煤业有限公司（9-1火车） | D154: 大同煤矿集团北辛窑煤业有限公司 | E154: 2024-09-大同煤矿集团北辛窑煤业有限公司 | F154: 晋能快成物流科技有限公司 | G154: 453 | H154: 13146.04 | J154: 2421 | L154: =VLOOKUP(D154,运费!B:C,2,0) -> 147.1 | M154: =H154*L154 -> 1933782.5 | N154: {=(_xlfn.IFS(J154>=4300,570/5500*J154,J154>=3800,0.0806*J154,J154>=3300,0.0706*J154,J154>=2500,0.0676*J154,TRUE,0.02*J154)+10)*H154} -> 767991.66
A155: 3 | B155: 2024-09 | C155: 大同煤矿集团朔煤小峪煤业有限公司（8-1火车） | D155: 大同煤矿集团朔煤小峪煤业有限公司 | E155: 2024-09-大同煤矿集团朔煤小峪煤业有限公司 | F155: 晋能快成物流科技有限公司 | G155: 126 | H155: 3637.18 | J155: 4381 | L155: =VLOOKUP(D155,运费!B:C,2,0) -> 143.92 | M155: =H155*L155 -> 523462.95 | N155: {=(_xlfn.IFS(J155>=4300,570/5500*J155,J155>=3800,0.0806*J155,J155>=3300,0.0706*J155,J155>=2500,0.0676*J155,TRUE,0.02*J155)+10)*H155} -> 1687763.9
A156: 4 | B156: 2024-09 | C156: 大同煤矿集团朔煤小峪煤业有限公司（9-1火车） | D156: 大同煤矿集团朔煤小峪煤业有限公司 | E156: 2024-09-大同煤矿集团朔煤小峪煤业有限公司 | F156: 晋能快成物流科技有限公司 | G156: 118 | H156: 3403.34 | J156: 4381 | L156: =VLOOKUP(D156,运费!B:C,2,0) -> 143.92 | M156: =H156*L156 -> 489808.69 | N156: {=(_xlfn.IFS(J156>=4300,570/5500*J156,J156>=3800,0.0806*J156,J156>=3300,0.0706*J156,J156>=2500,0.0676*J156,TRUE,0.02*J156)+10)*H156} -> 1579255
A157: 5 | B157: 2024-09 | C157: 晋能控股集团沁秀公司坪上煤业（9-1） | D157: 晋能控股集团沁秀公司坪上煤业 | E157: 2024-09-晋能控股集团沁秀公司坪上煤业 | F157: 晋能快成物流科技有限公司 | G157: 192 | H157: 5963.14 | J157: 5540 | L157: =VLOOKUP(D157,运费!B:C,2,0) -> 78 | M157: =H157*L157 -> 465124.92 | N157: {=(_xlfn.IFS(J157>=4300,570/550*J157,J157>=3800,0.0806*J157,J157>=3300,0.0706*J157,J157>=2500,0.0676*J157,TRUE,0.02*J157)+10)*H157} -> 34296729
A158: 6 | B158: 2024-09 | C158: 晋能控股集团盛泰煤业有限公司（9-1） | D158: 晋能控股集团盛泰煤业有限公司 | E158: 2024-09-晋能控股集团盛泰煤业有限公司 | F158: 晋能快成物流科技有限公司 | G158: 158 | H158: 4937.76 | J158: 4598 | L158: =VLOOKUP(D158,运费!B:C,2,0) -> 104.5 | M158: =H158*L158 -> 515995.92 | N158: {=(_xlfn.IFS(J158>=4300,570/550*J158,J158>=3800,0.0806*J158,J158>=3300,0.0706*J158,J158>=2500,0.0676*J158,TRUE,0.02*J158)+10)*H158} -> 23578792
A159: 7 | B159: 2024-09 | C159: 晋能控股煤业集团翼城华泓煤业有限公司（9-1） | D159: 晋能控股煤业集团翼城华泓煤业有限公司 | E159: 2024-09-晋能控股煤业集团翼城华泓煤业有限公司 | F159: 晋能快成物流科技有限公司 | G159: 877 | H159: 28110.11 | J159: 5656 | L159: =VLOOKUP(D159,运费!B:C,2,0) -> 58 | M159: =H159*L159 -> 1630386.4 | N159: {=(_xlfn.IFS(J159>=4300,570/5500*J159,J159>=3800,0.0806*J159,J159>=3300,0.0706*J159,J159>=2500,0.0676*J159,TRUE,0.02*J159)+10)*H159} -> 16758328
A160: 8 | B160: 2024-09 | C160: 山西焦煤霍州煤电雪坪煤业有限公司（9-1） | D160: 山西焦煤霍州煤电雪坪煤业有限公司 | E160: 2024-09-山西焦煤霍州煤电雪坪煤业有限公司 | F160: 山西焦煤物流有限责任公司 | G160: 64 | H160: 1968.72 | J160: 3194 | L160: =VLOOKUP(D160,运费!B:C,2,0) -> 70 | M160: =H160*L160 -> 137810.4 | N160: {=(_xlfn.IFS(J160>=4300,570/550*J160,J160>=3800,0.0806*J160,J160>=3300,0.0706*J160,J160>=2500,0.0676*J160,TRUE,0.02*J160)+10)*H160} -> 444762.2
A161: 9 | B161: 2024-09 | C161: 山西焦煤集团国际贸易有限责任公司（10-1） | D161: 山西焦煤集团国际贸易有限责任公司 | E161: 2024-09-山西焦煤集团国际贸易有限责任公司 | F161: 山西焦煤物流有限责任公司 | G161: 172 | H161: 5449.14 | J161: 3808 | L161: =VLOOKUP(D161,运费!B:C,2,0) -> 68 | M161: =H161*L161 -> 370541.52 | N161: {=(_xlfn.IFS(J161>=4300,570/550*J161,J161>=3800,0.0806*J161,J161>=3300,0.0706*J161,J161>=2500,0.0676*J161,TRUE,0.02*J161)+10)*H161} -> 1726967.6
A162: 10 | B162: 2024-09 | C162: 山西焦煤集团国际贸易有限责任公司（9-1） | D162: 山西焦煤集团国际贸易有限责任公司 | E162: 2024-09-山西焦煤集团国际贸易有限责任公司 | F162: 山西焦煤物流有限责任公司 | G162: 634 | H162: 19888.54 | J162: 3808 | L162: =VLOOKUP(D162,运费!B:C,2,0) -> 68 | M162: =H162*L162 -> 1352420.7 | N162: {=(_xlfn.IFS(J162>=4300,570/550*J162,J162>=3800,0.0806*J162,J162>=3300,0.0706*J162,J162>=2500,0.0676*J162,TRUE,0.02*J162)+10)*H162} -> 6303171.6
A163: 11 | B163: 2024-09 | C163: 山西焦煤集团金辛达煤业（9-1） | D163: 山西焦煤集团金辛达煤业 | E163: 2024-09-山西焦煤集团金辛达煤业 | F163: 山西焦煤物流有限责任公司 | G163: 18 | H163: 542.78 | J163: 3386 | L163: =VLOOKUP(D163,运费!B:C,2,0) -> 113 | M163: =H163*L163 -> 61334.14 | N163: {=(_xlfn.IFS(J163>=4300,570/550*J163,J163>=3800,0.0806*J163,J163>=3300,0.0706*J163,J163>=2500,0.0676*J163,TRUE,0.02*J163)+10)*H163} -> 135180.23
A164: 12 | B164: 2024-09 | C164: 山西煤炭运销集团莲盛有限公司（8-1火车） | D164: 山西煤炭运销集团莲盛有限公司 | E164: 2024-09-山西煤炭运销集团莲盛有限公司 | F164: 晋能快成物流科技有限公司 | G164: 465 | H164: 13489.8 | J164: 3644 | L164: =VLOOKUP(D164,运费!B:C,2,0) -> 175.5 | M164: =H164*L164 -> 2367459.9 | N164: {=(_xlfn.IFS(J164>=4300,570/5500*J164,J164>=3800,0.0806*J164,J164>=3300,0.0706*J164,J164>=2500,0.0676*J164,TRUE,0.02*J164)+10)*H164} -> 3605370.3
A165: 13 | B165: 2024-09 | C165: 山西煤炭运销集团莲盛有限公司（9-1火车） | D165: 山西煤炭运销集团莲盛有限公司 | E165: 2024-09-山西煤炭运销集团莲盛有限公司 | F165: 晋能快成物流科技有限公司 | G165: 329 | H165: 9537 | J165: 3644 | L165: =VLOOKUP(D165,运费!B:C,2,0) -> 175.5 | M165: =H165*L165 -> 1673743.5 | N165: {=(_xlfn.IFS(J165>=4300,570/5500*J165,J165>=3800,0.0806*J165,J165>=3300,0.0706*J165,J165>=2500,0.0676*J165,TRUE,0.02*J165)+10)*H165} -> 2548919.7
A166: 14 | B166: 2024-09 | C166: 山西煤炭运销集团神农煤业有限公司（9-1） | D166: 山西煤炭运销集团神农煤业有限公司 | E166: 2024-09-山西煤炭运销集团神农煤业有限公司 | F166: 晋能快成物流科技有限公司 | G166: 287 | H166: 9226.86 | J166: 5296 | L166: =VLOOKUP(D166,运费!B:C,2,0) -> 105 | M166: =H166*L166 -> 968820.3 | N166: {=(_xlfn.IFS(J166>=4300,570/550*J166,J166>=3800,0.0806*J166,J166>=3300,0.0706*J166,J166>=2500,0.0676*J166,TRUE,0.02*J166)+10)*H166} -> 50734645
A167: 15 | B167: 2024-09 | C167: 山西煤炭运销集团野川有限公司（9-1） | D167: 山西煤炭运销集团野川有限公司 | E167: 2024-09-山西煤炭运销集团野川有限公司 | F167: 晋能快成物流科技有限公司 | G167: 61 | H167: 1966.9 | J167: 3494 | L167: =VLOOKUP(D167,运费!B:C,2,0) -> 114.09 | M167: =H167*L167 -> 224403.62 | N167: {=(_xlfn.IFS(J167>=4300,570/550*J167,J167>=3800,0.0806*J167,J167>=3300,0.0706*J167,J167>=2500,0.0676*J167,TRUE,0.02*J167)+10)*H167} -> 504856.81
A168: 16 | B168: 2024-09 | C168: 山西蒲县华胜煤业有限公司（9-1） | D168: 山西蒲县华胜煤业有限公司 | E168: 2024-09-山西蒲县华胜煤业有限公司 | F168: 晋能快成物流科技有限公司 | G168: 766 | H168: 24827.94 | J168: 2889 | L168: =VLOOKUP(D168,运费!B:C,2,0) -> 82 | M168: =H168*L168 -> 2035891.1 | N168: {=(_xlfn.IFS(J168>=4300,570/5500*J168,J168>=3800,0.0806*J168,J168>=3300,0.0706*J168,J168>=2500,0.0676*J168,TRUE,0.02*J168)+10)*H168} -> 5097086.7
A169: 17 | B169: 2024-09 | C169: 太原煤气化龙泉能源（9-1火车） | D169: 太原煤气化龙泉能源 | E169: 2024-09-太原煤气化龙泉能源 | F169: 晋能快成物流科技有限公司 | G169: 173 | H169: 5016.94 | J169: 4703 | L169: =VLOOKUP(D169,运费!B:C,2,0) -> 108.51 | M169: =H169*L169 -> 544388.16 | N169: {=(_xlfn.IFS(J169>=4300,570/5500*J169,J169>=3800,0.0806*J169,J169>=3300,0.0706*J169,J169>=2500,0.0676*J169,TRUE,0.02*J169)+10)*H169} -> 2495435.1
A170: 18 | B170: 2024-09 | C170: 阳泉煤业集团翼城山凹煤业有限公司（9-1） | D170: 阳泉煤业集团翼城山凹煤业有限公司 | E170: 2024-09-阳泉煤业集团翼城山凹煤业有限公司 | F170: 晋能快成物流科技有限公司 | G170: 1019 | H170: 32244.77 | J170: 4562 | L170: =VLOOKUP(D170,运费!B:C,2,0) -> 60.5 | M170: =H170*L170 -> 1950808.6 | N170: {=(_xlfn.IFS(J170>=4300,570/5500*J170,J170>=3800,0.0806*J170,J170>=3300,0.0706*J170,J170>=2500,0.0676*J170,TRUE,0.02*J170)+10)*H170} -> 15567423
A171: 1 | B171: 2024-10 | C171: 大同煤矿集团北辛窑煤业有限公司（9-1火车） | D171: 大同煤矿集团北辛窑煤业有限公司 | E171: 2024-10-大同煤矿集团北辛窑煤业有限公司 | F171: 晋能快成物流科技有限公司 | G171: 546 | H171: 15769.8 | I171: =H171/0.98 -> 16091.633 | J171: 2217 | K171: =J171+200 -> 2417 | L171: =VLOOKUP(D171,运费!B:C,2,0) -> 147.1 | M171: =H171*L171 -> 2319737.6 | N171: {=(_xlfn.IFS(J171>=4300,570/5500*J171,J171>=3800,0.0806*J171,J171>=3300,0.0706*J171,J171>=2500,0.0676*J171,TRUE,0.02*J171)+10)*H171} -> 856930.93 | O171: {=(_xlfn.IFS(K171>4300,570/5500*K171,K171>=3800,0.0806*K171,K171>=3300,0.0706*K171,K171>=2500,0.0676*K171,TRUE,0.02*K171)+10)*I171} -> 938785.85
A172: 2 | B172: 2024-10 | C172: 大同煤矿集团朔煤小峪煤业有限公司（9-1火车） | D172: 大同煤矿集团朔煤小峪煤业有限公司 | E172: 2024-10-大同煤矿集团朔煤小峪煤业有限公司 | F172: 晋能快成物流科技有限公司 | G172: 106 | H172: 3075.84 | I172: =H172/0.98 -> 3138.6122 | J172: 4609 | K172: =J172+200 -> 4809 | L172: =VLOOKUP(D172,运费!B:C,2,0) -> 143.92 | M172: =H172*L172 -> 442674.89 | N172: {=(_xlfn.IFS(J172>=4300,570/5500*J172,J172>=3800,0.0806*J172,J172>=3300,0.0706*J172,J172>=2500,0.0676*J172,TRUE,0.02*J172)+10)*H172} -> 1499964.1 | O172: {=(_xlfn.IFS(K172>4300,570/5500*K172,K172>=3800,0.0806*K172,K172>=3300,0.0706*K172,K172>=2500,0.0676*K172,TRUE,0.02*K172)+10)*I172} -> 1595630.5
A173: 3 | B173: 2024-10 | C173: 晋能控股集团沁秀公司坪上煤业（10-1） | D173: 晋能控股集团沁秀公司坪上煤业 | E173: 2024-10-晋能控股集团沁秀公司坪上煤业 | F173: 晋能快成物流科技有限公司 | G173: 350 | H173: 10918.16 | J173: 5579 | L173: =VLOOKUP(D173,运费!B:C,2,0) -> 78 | M173: =H173*L173 -> 851616.48 | N173: {=(_xlfn.IFS(J173>=4300,570/550*J173,J173>=3800,0.0806*J173,J173>=3300,0.0706*J173,J173>=2500,0.0676*J173,TRUE,0.02*J173)+10)*H173} -> 63236593
A174: 4 | B174: 2024-10 | C174: 晋能控股集团盛泰煤业有限公司（10-1） | D174: 晋能控股集团盛泰煤业有限公司 | E174: 2024-10-晋能控股集团盛泰煤业有限公司 | F174: 晋能快成物流科技有限公司 | G174: 35 | H174: 1082.94 | J174: 5093 | L174: =VLOOKUP(D174,运费!B:C,2,0) -> 104.5 | M174: =H174*L174 -> 113167.23 | N174: {=(_xlfn.IFS(J174>=4300,570/550*J174,J174>=3800,0.0806*J174,J174>=3300,0.0706*J174,J174>=2500,0.0676*J174,TRUE,0.02*J174)+10)*H174} -> 5726803.3
A175: 5 | B175: 2024-10 | C175: 山西焦煤霍州煤电雪坪煤业有限公司（10-1） | D175: 山西焦煤霍州煤电雪坪煤业有限公司 | E175: 2024-10-山西焦煤霍州煤电雪坪煤业有限公司 | F175: 山西焦煤物流有限责任公司 | G175: 80 | H175: 2468.84 | J175: 3118 | L175: =VLOOKUP(D175,运费!B:C,2,0) -> 70 | M175: =H175*L175 -> 172818.8 | N175: {=(_xlfn.IFS(J175>=4300,570/550*J175,J175>=3800,0.0806*J175,J175>=3300,0.0706*J175,J175>=2500,0.0676*J175,TRUE,0.02*J175)+10)*H175} -> 545062.59
A176: 6 | B176: 2024-10 | C176: 山西焦煤集团国际贸易有限责任公司（10-1） | D176: 山西焦煤集团国际贸易有限责任公司 | E176: 2024-10-山西焦煤集团国际贸易有限责任公司 | F176: 山西焦煤物流有限责任公司 | G176: 735 | H176: 22748.55 | J176: 3931 | L176: =VLOOKUP(D176,运费!B:C,2,0) -> 68 | M176: =H176*L176 -> 1546901.4 | N176: {=(_xlfn.IFS(J176>=4300,570/550*J176,J176>=3800,0.0806*J176,J176>=3300,0.0706*J176,J176>=2500,0.0676*J176,TRUE,0.02*J176)+10)*H176} -> 7435104.2
A177: 7 | B177: 2024-10 | C177: 山西焦煤集团金辛达煤业（10-1） | D177: 山西焦煤集团金辛达煤业 | E177: 2024-10-山西焦煤集团金辛达煤业 | F177: 山西焦煤物流有限责任公司 | G177: 18 | H177: 528.74 | J177: #N/A | L177: =VLOOKUP(D177,运费!B:C,2,0) -> 113 | M177: =H177*L177 -> 59747.62 | N177: {=(_xlfn.IFS(J177>=4300,570/550*J177,J177>=3800,0.0806*J177,J177>=3300,0.0706*J177,J177>=2500,0.0676*J177,TRUE,0.02*J177)+10)*H177} -> #N/A
A178: 8 | B178: 2024-10 | C178: 山西晋煤集团晋圣亿欣煤业有限公司（10-1） | D178: 山西晋煤集团晋圣亿欣煤业有限公司 | E178: 2024-10-山西晋煤集团晋圣亿欣煤业有限公司 | F178: 晋能快成物流科技有限公司 | G178: 187 | H178: 5767.56 | J178: 4648 | L178: =VLOOKUP(D178,运费!B:C,2,0) -> 67 | M178: =H178*L178 -> 386426.52 | N178: {=(_xlfn.IFS(J178>=4300,570/550*J178,J178>=3800,0.0806*J178,J178>=3300,0.0706*J178,J178>=2500,0.0676*J178,TRUE,0.02*J178)+10)*H178} -> 27840117
A179: 9 | B179: 2024-10 | C179: 山西煤炭运销集团莲盛有限公司（10-1火车） | D179: 山西煤炭运销集团莲盛有限公司 | E179: 2024-10-山西煤炭运销集团莲盛有限公司 | F179: 晋能快成物流科技有限公司 | G179: 415 | H179: 11977.36 | I179: =H179/0.98 -> 12221.796 | J179: 3570 | K179: =J179+200 -> 3770 | L179: =VLOOKUP(D179,运费!B:C,2,0) -> 175.5 | M179: =H179*L179 -> 2102026.7 | N179: {=(_xlfn.IFS(J179>=4300,570/5500*J179,J179>=3800,0.0806*J179,J179>=3300,0.0706*J179,J179>=2500,0.0676*J179,TRUE,0.02*J179)+10)*H179} -> 3138571.4 | O179: {=(_xlfn.IFS(K179>4300,570/5500*K179,K179>=3800,0.0806*K179,K179>=3300,0.0706*K179,K179>=2500,0.0676*K179,TRUE,0.02*K179)+10)*I179} -> 3375195.6
A180: 10 | B180: 2024-10 | C180: 山西煤炭运销集团神农煤业有限公司（10-1） | D180: 山西煤炭运销集团神农煤业有限公司 | E180: 2024-10-山西煤炭运销集团神农煤业有限公司 | F180: 晋能快成物流科技有限公司 | G180: 62 | H180: 1957.22 | J180: 5259 | L180: =VLOOKUP(D180,运费!B:C,2,0) -> 105 | M180: =H180*L180 -> 205508.1 | N180: {=(_xlfn.IFS(J180>=4300,570/550*J180,J180>=3800,0.0806*J180,J180>=3300,0.0706*J180,J180>=2500,0.0676*J180,TRUE,0.02*J180)+10)*H180} -> 10686884
A181: 11 | B181: 2024-10 | C181: 山西煤炭运销集团野川有限公司（10-1） | D181: 山西煤炭运销集团野川有限公司 | E181: 2024-10-山西煤炭运销集团野川有限公司 | F181: 晋能快成物流科技有限公司 | G181: 62 | H181: 1958.6 | J181: 5111 | L181: =VLOOKUP(D181,运费!B:C,2,0) -> 114.09 | M181: =H181*L181 -> 223456.67 | N181: {=(_xlfn.IFS(J181>=4300,570/550*J181,J181>=3800,0.0806*J181,J181>=3300,0.0706*J181,J181>=2500,0.0676*J181,TRUE,0.02*J181)+10)*H181} -> 10394005
A182: 12 | B182: 2024-10 | C182: 山西蒲县华胜煤业有限公司（10-1） | D182: 山西蒲县华胜煤业有限公司 | E182: 2024-10-山西蒲县华胜煤业有限公司 | F182: 晋能快成物流科技有限公司 | G182: 1078 | H182: 34538.77 | J182: 2993 | L182: =VLOOKUP(D182,运费!B:C,2,0) -> 82 | M182: =H182*L182 -> 2832179.1 | N182: {=(_xlfn.IFS(J182>=4300,570/5500*J182,J182>=3800,0.0806*J182,J182>=3300,0.0706*J182,J182>=2500,0.0676*J182,TRUE,0.02*J182)+10)*H182} -> 7333506.5
A183: 13 | B183: 2024-10 | C183: 太原煤气化龙泉能源（10-1火车） | D183: 太原煤气化龙泉能源 | E183: 2024-10-太原煤气化龙泉能源 | F183: 晋能快成物流科技有限公司 | G183: 336 | H183: 9716.38 | I183: =H183/0.98 -> 9914.6735 | J183: 4697 | K183: =J183+200 -> 4897 | L183: =VLOOKUP(D183,运费!B:C,2,0) -> 108.51 | M183: =H183*L183 -> 1054324.4 | N183: {=(_xlfn.IFS(J183>=4300,570/5500*J183,J183>=3800,0.0806*J183,J183>=3300,0.0706*J183,J183>=2500,0.0676*J183,TRUE,0.02*J183)+10)*H183} -> 4826903.3 | O183: {=(_xlfn.IFS(K183>4300,570/5500*K183,K183>=3800,0.0806*K183,K183>=3300,0.0706*K183,K183>=2500,0.0676*K183,TRUE,0.02*K183)+10)*I183} -> 5130915.6
A184: 14 | B184: 2024-10 | C184: 太原煤气化龙泉能源（9-1火车） | D184: 太原煤气化龙泉能源 | E184: 2024-10-太原煤气化龙泉能源 | F184: 晋能快成物流科技有限公司 | G184: 318 | H184: 9169.64 | I184: =H184/0.98 -> 9356.7755 | J184: 4697 | K184: =J184+200 -> 4897 | L184: =VLOOKUP(D184,运费!B:C,2,0) -> 108.51 | M184: =H184*L184 -> 994997.64 | N184: {=(_xlfn.IFS(J184>=4300,570/5500*J184,J184>=3800,0.0806*J184,J184>=3300,0.0706*J184,J184>=2500,0.0676*J184,TRUE,0.02*J184)+10)*H184} -> 4555293.8 | O184: {=(_xlfn.IFS(K184>4300,570/5500*K184,K184>=3800,0.0806*K184,K184>=3300,0.0706*K184,K184>=2500,0.0676*K184,TRUE,0.02*K184)+10)*I184} -> 4842199.4
A185: 15 | B185: 2024-10 | C185: 阳泉煤业集团翼城山凹煤业有限公司（10-1） | D185: 阳泉煤业集团翼城山凹煤业有限公司 | E185: 2024-10-阳泉煤业集团翼城山凹煤业有限公司 | F185: 晋能快成物流科技有限公司 | G185: 635 | H185: 19826.94 | J185: 4573 | L185: =VLOOKUP(D185,运费!B:C,2,0) -> 60.5 | M185: =H185*L185 -> 1199529.9 | N185: {=(_xlfn.IFS(J185>=4300,570/5500*J185,J185>=3800,0.0806*J185,J185>=3300,0.0706*J185,J185>=2500,0.0676*J185,TRUE,0.02*J185)+10)*H185} -> 9594833
A186: 1 | B186: 2024-11 | C186: 大同煤矿集团北辛窑煤业有限公司（9-1火车） | D186: 大同煤矿集团北辛窑煤业有限公司 | E186: 2024-11-大同煤矿集团北辛窑煤业有限公司 | F186: 晋能快成物流科技有限公司 | G186: 600 | H186: 17346.97 | I186: =H186/0.98 -> 17700.99 | J186: 2228 | K186: =J186+200 -> 2428 | L186: =VLOOKUP(D186,运费!B:C,2,0) -> 147.1 | M186: =H186*L186 -> 2551739.3 | N186: {=(_xlfn.IFS(J186>=4300,570/5500*J186,J186>=3800,0.0806*J186,J186>=3300,0.0706*J186,J186>=2500,0.0676*J186,TRUE,0.02*J186)+10)*H186} -> 946450.68 | O186: {=(_xlfn.IFS(K186>4300,570/5500*K186,K186>=3800,0.0806*K186,K186>=3300,0.0706*K186,K186>=2500,0.0676*K186,TRUE,0.02*K186)+10)*I186} -> 1036570
A187: 2 | B187: 2024-11 | C187: 晋能控股集团沁秀公司坪上煤业（11-1） | D187: 晋能控股集团沁秀公司坪上煤业 | E187: 2024-11-晋能控股集团沁秀公司坪上煤业 | F187: 晋能快成物流科技有限公司 | G187: 160 | H187: 4961.08 | J187: 6000 | L187: =VLOOKUP(D187,运费!B:C,2,0) -> 78 | M187: =H187*L187 -> 386964.24 | N187: {=(_xlfn.IFS(J187>=4300,570/550*J187,J187>=3800,0.0806*J187,J187>=3300,0.0706*J187,J187>=2500,0.0676*J187,TRUE,0.02*J187)+10)*H187} -> 30898508
A188: 3 | B188: 2024-11 | C188: 晋能控股煤业集团沁水胡底煤业有限公司（11-1） | D188: 晋能控股煤业集团沁水胡底煤业有限公司 | E188: 2024-11-晋能控股煤业集团沁水胡底煤业有限公司 | F188: 晋能快成物流科技有限公司 | G188: 461 | H188: 14269.66 | J188: 4587 | L188: =VLOOKUP(D188,运费!B:C,2,0) -> 78 | M188: =H188*L188 -> 1113033.5 | N188: {=(_xlfn.IFS(J188>=4300,570/550*J188,J188>=3800,0.0806*J188,J188>=3300,0.0706*J188,J188>=2500,0.0676*J188,TRUE,0.02*J188)+10)*H188} -> 67977806
A189: 4 | B189: 2024-11 | C189: 晋能控股煤业集团翼城华泓煤业有限公司（11-1） | D189: 晋能控股煤业集团翼城华泓煤业有限公司 | E189: 2024-11-晋能控股煤业集团翼城华泓煤业有限公司 | F189: 晋能快成物流科技有限公司 | G189: 394 | H189: 12577.48 | J189: 4422 | L189: =VLOOKUP(D189,运费!B:C,2,0) -> 58 | M189: =H189*L189 -> 729493.84 | N189: {=(_xlfn.IFS(J189>=4300,570/5500*J189,J189>=3800,0.0806*J189,J189>=3300,0.0706*J189,J189>=2500,0.0676*J189,TRUE,0.02*J189)+10)*H189} -> 5889782.3
A190: 5 | B190: 2024-11 | C190: 山西焦煤霍州煤电雪坪煤业有限公司（11-1） | D190: 山西焦煤霍州煤电雪坪煤业有限公司 | E190: 2024-11-山西焦煤霍州煤电雪坪煤业有限公司 | F190: 山西焦煤物流有限责任公司 | G190: 93 | H190: 2971.2 | J190: 3340 | L190: =VLOOKUP(D190,运费!B:C,2,0) -> 70 | M190: =H190*L190 -> 207984 | N190: {=(_xlfn.IFS(J190>=4300,570/550*J190,J190>=3800,0.0806*J190,J190>=3300,0.0706*J190,J190>=2500,0.0676*J190,TRUE,0.02*J190)+10)*H190} -> 730332.84
A191: 6 | B191: 2024-11 | C191: 山西焦煤集团国际贸易有限责任公司（11-1） | D191: 山西焦煤集团国际贸易有限责任公司 | E191: 2024-11-山西焦煤集团国际贸易有限责任公司 | F191: 山西焦煤物流有限责任公司 | G191: 942 | H191: 29737.28 | J191: 3814 | L191: =VLOOKUP(D191,运费!B:C,2,0) -> 68 | M191: =H191*L191 -> 2022135 | N191: {=(_xlfn.IFS(J191>=4300,570/550*J191,J191>=3800,0.0806*J191,J191>=3300,0.0706*J191,J191>=2500,0.0676*J191,TRUE,0.02*J191)+10)*H191} -> 9438862.5
A192: 7 | B192: 2024-11 | C192: 山西晋煤集团晋圣亿欣煤业有限公司（11-1） | D192: 山西晋煤集团晋圣亿欣煤业有限公司 | E192: 2024-11-山西晋煤集团晋圣亿欣煤业有限公司 | F192: 晋能快成物流科技有限公司 | G192: 199 | H192: 5779.38 | J192: 4731 | L192: =VLOOKUP(D192,运费!B:C,2,0) -> 67 | M192: =H192*L192 -> 387218.46 | N192: {=(_xlfn.IFS(J192>=4300,570/550*J192,J192>=3800,0.0806*J192,J192>=3300,0.0706*J192,J192>=2500,0.0676*J192,TRUE,0.02*J192)+10)*H192} -> 28394304
...

Sheet 明细 (2)
A1: 序号 | B1: 报表月份 | C1: 供应单位 | D1: 供应商全称 | E1: 报表月份供应商 | F1: 运输单位 | G1: 车数 | H1: 重量 | I1: 发热量 | J1: 运费单价 | K1: 运费 | L1: 到厂价格
A2: 1 | B2: 2024-01 | C2: 大同煤矿集团北辛窑煤业有限公司（1-1火车） | D2: 大同煤矿集团北辛窑煤业有限公司 | E2: 2024-01-大同煤矿集团北辛窑煤业有限公司 | F2: 晋能快成物流科技有限公司 | G2: 1403 | H2: 26101.84 | I2: 3501 | J2: =VLOOKUP(D2,运费!B:C,2,0) -> 147.1 | K2: =H2*J2 -> 3839580.7 | L2: {=(_xlfn.IFS(I2>=4300,570/5500*I2,I2>=3800,0.0806*I2,I2>=3300,0.0706*I2,I2>=2500,0.0676*I2,TRUE,0.02*I2)+10)*H2} -> 6712625.9 | M2: =3501*0.0676*H2 -> 6177459.8
A3: 2 | B3: 2024-01 | C3: 大同煤矿集团有限公司程家沟煤矿（1-1火车宝特） | D3: 大同煤矿集团有限公司程家沟煤矿 | E3: 2024-01-大同煤矿集团有限公司程家沟煤矿 | F3: 晋能快成物流科技有限公司 | G3: 500 | H3: 14377.61 | I3: 3311 | J3: =VLOOKUP(D3,运费!B:C,2,0) -> 192.75 | K3: =H3*J3 -> 2771284.3 | L3: {=(_xlfn.IFS(I3>=4300,570/5500*I3,I3>=3800,0.0806*I3,I3>=3300,0.0706*I3,I3>=2500,0.0676*I3,TRUE,0.02*I3)+10)*H3} -> 3504637.3
A4: 3 | B4: 2024-01 | C4: 河南农投供应链管理有限公司（1-1） | D4: 河南农投供应链管理有限公司 | E4: 2024-01-河南农投供应链管理有限公司 | F4: 晋能快成物流科技有限公司 | G4: 179 | H4: 3339.04 | I4: 4481 | J4: =VLOOKUP(D4,运费!B:C,2,0) -> 21.8 | K4: =H4*J4 -> 72791.072 | L4: {=(_xlfn.IFS(I4>=4300,570/5500*I4,I4>=3800,0.0806*I4,I4>=3300,0.0706*I4,I4>=2500,0.0676*I4,TRUE,0.02*I4)+10)*H4} -> 1584022.4
A5: 4 | B5: 2024-01 | C5: 河南农投供应链管理有限公司（12-2增量） | D5: 河南农投供应链管理有限公司 | E5: 2024-01-河南农投供应链管理有限公司 | F5: 晋能快成物流科技有限公司 | G5: 262 | H5: 4852.58 | I5: 4481 | J5: =VLOOKUP(D5,运费!B:C,2,0) -> 21.8 | K5: =H5*J5 -> 105786.24 | L5: {=(_xlfn.IFS(I5>=4300,570/5500*I5,I5>=3800,0.0806*I5,I5>=3300,0.0706*I5,I5>=2500,0.0676*I5,TRUE,0.02*I5)+10)*H5} -> 2302037.5 | M5: =I5*(570/5500+10)*H5 -> 2.1969762e+08
A6: 5 | B6: 2024-01 | C6: 洪洞阳光能源有限公司（12-1） | D6: 洪洞阳光能源有限公司 | E6: 2024-01-洪洞阳光能源有限公司 | F6: 晋能快成物流科技有限公司 | G6: 235 | H6: 4284.12 | I6: 3960 | J6: =VLOOKUP(D6,运费!B:C,2,0) -> 10.355 | K6: =H6*J6 -> 44362.063 | L6: {=(_xlfn.IFS(I6>=4300,570/5500*I6,I6>=3800,0.0806*I6,I6>=3300,0.0706*I6,I6>=2500,0.0676*I6,TRUE,0.02*I6)+10)*H6} -> 1410229.5
A7: 6 | B7: 2024-01 | C7: 侯马鼎坤源能源有限公司（1-1） | D7: 侯马鼎坤源能源有限公司 | E7: 2024-01-侯马鼎坤源能源有限公司 | F7: 晋能快成物流科技有限公司 | G7: 109 | H7: 3296 | I7: 4176 | J7: =VLOOKUP(D7,运费!B:C,2,0) -> 33.79 | K7: =H7*J7 -> 111371.84 | L7: {=(_xlfn.IFS(I7>=4300,570/5500*I7,I7>=3800,0.0806*I7,I7>=3300,0.0706*I7,I7>=2500,0.0676*I7,TRUE,0.02*I7)+10)*H7} -> 1142346.1 | M7: =SUMPRODUCT(H2:H216,I2:I216)/SUM(H2:H216) -> 3882.4024
A8: 7 | B8: 2024-01 | C8: 晋能控股集团盛泰煤业有限公司（1-1） | D8: 晋能控股集团盛泰煤业有限公司 | E8: 2024-01-晋能控股集团盛泰煤业有限公司 | F8: 晋能快成物流科技有限公司 | G8: 612 | H8: 19855.3 | I8: 4288 | J8: =VLOOKUP(D8,运费!B:C,2,0) -> 104.5 | K8: =H8*J8 -> 2074878.8 | L8: {=(_xlfn.IFS(I8>=4300,570/5500*I8,I8>=3800,0.0806*I8,I8>=3300,0.0706*I8,I8>=2500,0.0676*I8,TRUE,0.02*I8)+10)*H8} -> 7060798.8
A9: 8 | B9: 2024-01 | C9: 晋能控股煤业集团沁水胡底煤业有限公司（1-1） | D9: 晋能控股煤业集团沁水胡底煤业有限公司 | E9: 2024-01-晋能控股煤业集团沁水胡底煤业有限公司 | F9: 晋能快成物流科技有限公司 | G9: 182 | H9: 5754 | I9: 4511 | J9: =VLOOKUP(D9,运费!B:C,2,0) -> 78 | K9: =H9*J9 -> 448812 | L9: {=(_xlfn.IFS(I9>=4300,570/5500*I9,I9>=3800,0.0806*I9,I9>=3300,0.0706*I9,I9>=2500,0.0676*I9,TRUE,0.02*I9)+10)*H9} -> 2747555.9
A10: 9 | B10: 2024-01 | C10: 晋能控股煤业集团翼城华泓煤业有限公司（1-1） | D10: 晋能控股煤业集团翼城华泓煤业有限公司 | E10: 2024-01-晋能控股煤业集团翼城华泓煤业有限公司 | F10: 晋能快成物流科技有限公司 | G10: 879 | H10: 28078.13 | I10: 4388 | J10: =VLOOKUP(D10,运费!B:C,2,0) -> 58 | K10: =H10*J10 -> 1628531.5 | L10: {=(_xlfn.IFS(I10>=4300,570/5500*I10,I10>=3800,0.0806*I10,I10>=3300,0.0706*I10,I10>=2500,0.0676*I10,TRUE,0.02*I10)+10)*H10} -> 13049490
A11: 10 | B11: 2024-01 | C11: 临汾市侯马经济开发区鑫鑫商贸有限公司（1-1） | D11: 临汾市侯马经济开发区鑫鑫商贸有限公司 | E11: 2024-01-临汾市侯马经济开发区鑫鑫商贸有限公司 | F11: 晋能快成物流科技有限公司 | G11: 325 | H11: 5873.36 | I11: 4448 | J11: =VLOOKUP(D11,运费!B:C,2,0) -> 10.355 | K11: =H11*J11 -> 60818.643 | L11: {=(_xlfn.IFS(I11>=4300,570/5500*I11,I11>=3800,0.0806*I11,I11>=3300,0.0706*I11,I11>=2500,0.0676*I11,TRUE,0.02*I11)+10)*H11} -> 2766203.1
A12: 11 | B12: 2024-01 | C12: 临汾市侯马经济开发区鑫鑫商贸有限公司（12-1） | D12: 临汾市侯马经济开发区鑫鑫商贸有限公司 | E12: 2024-01-临汾市侯马经济开发区鑫鑫商贸有限公司 | F12: 晋能快成物流科技有限公司 | G12: 118 | H12: 2144.96 | I12: 4448 | J12: =VLOOKUP(D12,运费!B:C,2,0) -> 10.355 | K12: =H12*J12 -> 22211.061 | L12: {=(_xlfn.IFS(I12>=4300,570/5500*I12,I12>=3800,0.0806*I12,I12>=3300,0.0706*I12,I12>=2500,0.0676*I12,TRUE,0.02*I12)+10)*H12} -> 1010221.6
A13: 12 | B13: 2024-01 | C13: 山西芳瑞芳菲商贸有限公司(12-2增量) | D13: 山西芳瑞芳菲商贸有限公司 | E13: 2024-01-山西芳瑞芳菲商贸有限公司 | F13: 晋能快成物流科技有限公司 | G13: 132 | H13: 2411.82 | I13: 4032 | J13: =VLOOKUP(D13,运费!B:C,2,0) -> 10.355 | K13: =H13*J13 -> 24974.396 | L13: {=(_xlfn.IFS(I13>=4300,570/5500*I13,I13>=3800,0.0806*I13,I13>=3300,0.0706*I13,I13>=2500,0.0676*I13,TRUE,0.02*I13)+10)*H13} -> 807909.53
A14: 13 | B14: 2024-01 | C14: 山西汾河焦煤股份有限公司三交河煤矿（1-1） | D14: 山西汾河焦煤股份有限公司三交河煤矿 | E14: 2024-01-山西汾河焦煤股份有限公司三交河煤矿 | F14: 山西焦煤物流有限责任公司 | G14: 156 | H14: 4941.26 | I14: 4056 | J14: =VLOOKUP(D14,运费!B:C,2,0) -> 117 | K14: =H14*J14 -> 578127.42 | L14: {=(_xlfn.IFS(I14>=4300,570/5500*I14,I14>=3800,0.0806*I14,I14>=3300,0.0706*I14,I14>=2500,0.0676*I14,TRUE,0.02*I14)+10)*H14} -> 1664777.7
A15: 14 | B15: 2024-01 | C15: 山西焦煤汾西矿业昊锦塬煤业(1-1) | D15: 山西焦煤汾西矿业昊锦塬煤业 | E15: 2024-01-山西焦煤汾西矿业昊锦塬煤业 | F15: 山西焦煤物流有限责任公司 | G15: 19 | H15: 610.06 | I15: 3866 | J15: =VLOOKUP(D15,运费!B:C,2,0) -> 81 | K15: =H15*J15 -> 49414.86 | L15: {=(_xlfn.IFS(I15>=4300,570/5500*I15,I15>=3800,0.0806*I15,I15>=3300,0.0706*I15,I15>=2500,0.0676*I15,TRUE,0.02*I15)+10)*H15} -> 196195.05
A16: 15 | B16: 2024-01 | C16: 山西焦煤集团辛置矿（1-1） | D16: 山西焦煤集团辛置矿 | E16: 2024-01-山西焦煤集团辛置矿 | F16: 山西焦煤物流有限责任公司 | G16: 92 | H16: 2957.5 | I16: 3355 | J16: =VLOOKUP(D16,运费!B:C,2,0) -> 79 | K16: =H16*J16 -> 233642.5 | L16: {=(_xlfn.IFS(I16>=4300,570/5500*I16,I16>=3800,0.0806*I16,I16>=3300,0.0706*I16,I16>=2500,0.0676*I16,TRUE,0.02*I16)+10)*H16} -> 730097.32
A17: 16 | B17: 2024-01 | C17: 山西焦煤集团昊兴塬煤业（1-1） | D17: 山西焦煤集团昊兴塬煤业 | E17: 2024-01-山西焦煤集团昊兴塬煤业 | F17: 山西焦煤物流有限责任公司 | G17: 77 | H17: 2423.62 | I17: 3618 | J17: =VLOOKUP(D17,运费!B:C,2,0) -> 85 | K17: =H17*J17 -> 206007.7 | L17: {=(_xlfn.IFS(I17>=4300,570/5500*I17,I17>=3800,0.0806*I17,I17>=3300,0.0706*I17,I17>=2500,0.0676*I17,TRUE,0.02*I17)+10)*H17} -> 643303.4
A18: 17 | B18: 2024-01 | C18: 山西晋煤集团晋圣亿欣煤业有限公司（1-1） | D18: 山西晋煤集团晋圣亿欣煤业有限公司 | E18: 2024-01-山西晋煤集团晋圣亿欣煤业有限公司 | F18: 晋能快成物流科技有限公司 | G18: 398 | H18: 12357.18 | I18: 3587 | J18: =VLOOKUP(D18,运费!B:C,2,0) -> 67 | K18: =H18*J18 -> 827931.06 | L18: {=(_xlfn.IFS(I18>=4300,570/5500*I18,I18>=3800,0.0806*I18,I18>=3300,0.0706*I18,I18>=2500,0.0676*I18,TRUE,0.02*I18)+10)*H18} -> 3252931.2
A19: 18 | B19: 2024-01 | C19: 山西骏盛通能源有限公司（1-1） | D19: 山西骏盛通能源有限公司 | E19: 2024-01-山西骏盛通能源有限公司 | F19: 晋能快成物流科技有限公司 | G19: 426 | H19: 7751.66 | I19: 4296 | J19: =VLOOKUP(D19,运费!B:C,2,0) -> 10.355 | K19: =H19*J19 -> 80268.439 | L19: {=(_xlfn.IFS(I19>=4300,570/5500*I19,I19>=3800,0.0806*I19,I19>=3300,0.0706*I19,I19>=2500,0.0676*I19,TRUE,0.02*I19)+10)*H19} -> 2761587.8
... A42: 8 | B42: 2024-02 | C42: 山西汾河焦煤股份有限公司三交河煤矿（2-1） | D42: 山西汾河焦煤股份有限公司三交河煤矿 | E42: 2024-02-山西汾河焦煤股份有限公司三交河煤矿 | F42: 山西焦煤物流有限责任公司 | G42: 237 | H42: 7537.78 | I42: 4102 | J42: =VLOOKUP(D42,运费!B:C,2,0) -> 117 | K42: =H42*J42 -> 881920.26 | L42: {=(_xlfn.IFS(I42>=4300,570/5500*I42,I42>=3800,0.0806*I42,I42>=3300,0.0706*I42,I42>=2500,0.0676*I42,TRUE,0.02*I42)+10)*H42} -> 2567527.7
A43: 9 | B43: 2024-02 | C43: 山西焦煤汾西矿业昊锦塬煤业(2-1) | D43: 山西焦煤汾西矿业昊锦塬煤业 | E43: 2024-02-山西焦煤汾西矿业昊锦塬煤业 | F43: 山西焦煤物流有限责任公司 | G43: 14 | H43: 441.28 | J43: =VLOOKUP(D43,运费!B:C,2,0) -> 81 | K43: =H43*J43 -> 35743.68 | L43: {=(_xlfn.IFS(I43>=4300,570/5500*I43,I43>=3800,0.0806*I43,I43>=3300,0.0706*I43,I43>=2500,0.0676*I43,TRUE,0.02*I43)+10)*H43} -> 4412.8
A44: 10 | B44: 2024-02 | C44: 山西焦煤集团辛置矿（2-1） | D44: 山西焦煤集团辛置矿 | E44: 2024-02-山西焦煤集团辛置矿 | F44: 山西焦煤物流有限责任公司 | G44: 6 | H44: 193.4 | I44: 4146 | J44: =VLOOKUP(D44,运费!B:C,2,0) -> 79 | K44: =H44*J44 -> 15278.6 | L44: {=(_xlfn.IFS(I44>=4300,570/5500*I44,I44>=3800,0.0806*I44,I44>=3300,0.0706*I44,I44>=2500,0.0676*I44,TRUE,0.02*I44)+10)*H44} -> 66562.014
A45: 11 | B45: 2024-02 | C45: 山西骏盛通能源有限公司（1-1） | D45: 山西骏盛通能源有限公司 | E45: 2024-02-山西骏盛通能源有限公司 | F45: 晋能快成物流科技有限公司 | G45: 376 | H45: 6697.86 | I45: 4105 | J45: =VLOOKUP(D45,运费!B:C,2,0) -> 10.355 | K45: =H45*J45 -> 69356.34 | L45: {=(_xlfn.IFS(I45>=4300,570/5500*I45,I45>=3800,0.0806*I45,I45>=3300,0.0706*I45,I45>=2500,0.0676*I45,TRUE,0.02*I45)+10)*H45} -> 2283052.7
A46: 12 | B46: 2024-02 | C46: 山西煤炭运销集团盖州煤业有限公司（2-1） | D46: 山西煤炭运销集团盖州煤业有限公司 | E46: 2024-02-山西煤炭运销集团盖州煤业有限公司 | F46: 晋能快成物流科技有限公司 | G46: 77 | H46: 2505.84 | I46: 3959 | J46: =VLOOKUP(D46,运费!B:C,2,0) -> 101.5 | K46: =H46*J46 -> 254342.76 | L46: {=(_xlfn.IFS(I46>=4300,570/5500*I46,I46>=3800,0.0806*I46,I46>=3300,0.0706*I46,I46>=2500,0.0676*I46,TRUE,0.02*I46)+10)*H46} -> 824660.42
A47: 13 | B47: 2024-02 | C47: 山西煤炭运销集团神农煤业有限公司（2-1） | D47: 山西煤炭运销集团神农煤业有限公司 | E47: 2024-02-山西煤炭运销集团神农煤业有限公司 | F47: 晋能快成物流科技有限公司 | G47: 13 | H47: 421.96 | J47: =VLOOKUP(D47,运费!B:C,2,0) -> 105 | K47: =H47*J47 -> 44305.8 | L47: {=(_xlfn.IFS(I47>=4300,570/5500*I47,I47>=3800,0.0806*I47,I47>=3300,0.0706*I47,I47>=2500,0.0676*I47,TRUE,0.02*I47)+10)*H47} -> 4219.6
A48: 14 | B48: 2024-02 | C48: 山西煤炭运销集团四明山煤业有限公司（2-1） | D48: 山西煤炭运销集团四明山煤业有限公司 | E48: 2024-02-山西煤炭运销集团四明山煤业有限公司 | F48: 晋能快成物流科技有限公司 | G48: 91 | H48: 2963.04 | I48: 4139 | J48: =VLOOKUP(D48,运费!B:C,2,0) -> 104.5 | K48: =H48*J48 -> 309637.68 | L48: {=(_xlfn.IFS(I48>=4300,570/5500*I48,I48>=3800,0.0806*I48,I48>=3300,0.0706*I48,I48>=2500,0.0676*I48,TRUE,0.02*I48)+10)*H48} -> 1018110.6
A49: 15 | B49: 2024-02 | C49: 山西统配煤炭物流有限公司（1-1） | D49: 山西统配煤炭物流有限公司 | E49: 2024-02-山西统配煤炭物流有限公司 | F49: 晋能快成物流科技有限公司 | G49: 292 | H49: 5396.88 | I49: 4283 | J49: =VLOOKUP(D49,运费!B:C,2,0) -> 21.8 | K49: =H49*J49 -> 117651.98 | L49: {=(_xlfn.IFS(I49>=4300,570/5500*I49,I49>=3800,0.0806*I49,I49>=3300,0.0706*I49,I49>=2500,0.0676*I49,TRUE,0.02*I49)+10)*H49} -> 1917024.7
A50: 16 | B50: 2024-02 | C50: 山西鑫健商贸有限公司（1-1） | D50: 山西鑫健商贸有限公司 | E50: 2024-02-山西鑫健商贸有限公司 | F50: 晋能快成物流科技有限公司 | G50: 900 | H50: 16706.1 | I50: 4153 | J50: =VLOOKUP(D50,运费!B:C,2,0) -> 21.8 | K50: =H50*J50 -> 364192.98 | L50: {=(_xlfn.IFS(I50>=4300,570/5500*I50,I50>=3800,0.0806*I50,I50>=3300,0.0706*I50,I50>=2500,0.0676*I50,TRUE,0.02*I50)+10)*H50} -> 5759123.9
A51: 17 | B51: 2024-02 | C51: 太原煤气化股份有限公司炉峪口煤矿（1-1宝特） | D51: 太原煤气化股份有限公司炉峪口煤矿 | E51: 2024-02-太原煤气化股份有限公司炉峪口煤矿 | F51: 晋能快成物流科技有限公司 | G51: 124 | H51: 3591.06 | I51: 3064 | J51: =VLOOKUP(D51,运费!B:C,2,0) -> 116.8 | K51: =H51*J51 -> 419435.81 | L51: {=(_xlfn.IFS(I51>=4300,570/5500*I51,I51>=3800,0.0806*I51,I51>=3300,0.0706*I51,I51>=2500,0.0676*I51,TRUE,0.02*I51)+10)*H51} -> 779713.93
A52: 18 | B52: 2024-02 | C52: 太原煤气化股份有限公司炉峪口煤矿（2-1宝特） | D52: 太原煤气化股份有限公司炉峪口煤矿 | E52: 2024-02-太原煤气化股份有限公司炉峪口煤矿 | F52: 晋能快成物流科技有限公司 | G52: 169 | H52: 3520.84 | I52: 3064 | J52: =VLOOKUP(D52,运费!B:C,2,0) -> 116.8 | K52: =H52*J52 -> 411234.11 | L52: {=(_xlfn.IFS(I52>=4300,570/5500*I52,I52>=3800,0.0806*I52,I52>=3300,0.0706*I52,I52>=2500,0.0676*I52,TRUE,0.02*I52)+10)*H52} -> 764467.31
A53: 19 | B53: 2024-02 | C53: 太原煤气化龙泉能源（1-1火车） | D53: 太原煤气化龙泉能源 | E53: 2024-02-太原煤气化龙泉能源 | F53: 晋能快成物流科技有限公司 | G53: 380 | H53: 6978.76 | I53: 4863 | J53: =VLOOKUP(D53,运费!B:C,2,0) -> 108.51 | K53: =H53*J53 -> 757265.25 | L53: {=(_xlfn.IFS(I53>=4300,570/5500*I53,I53>=3800,0.0806*I53,I53>=3300,0.0706*I53,I53>=2500,0.0676*I53,TRUE,0.02*I53)+10)*H53} -> 3586968.4
A54: 20 | B54: 2024-02 | C54: 太原煤气化龙泉能源（2-1火车） | D54: 太原煤气化龙泉能源 | E54: 2024-02-太原煤气化龙泉能源 | F54: 晋能快成物流科技有限公司 | G54: 745 | H54: 13746.38 | I54: 4863 | J54: =VLOOKUP(D54,运费!B:C,2,0) -> 108.51 | K54: =H54*J54 -> 1491619.7 | L54: {=(_xlfn.IFS(I54>=4300,570/5500*I54,I54>=3800,0.0806*I54,I54>=3300,0.0706*I54,I54>=2500,0.0676*I54,TRUE,0.02*I54)+10)*H54} -> 7065414.4
A55: 21 | B55: 2024-02 | C55: 襄汾县浩群煤业有限公司（1-1） | D55: 襄汾县浩群煤业有限公司 | E55: 2024-02-襄汾县浩群煤业有限公司 | F55: 晋能快成物流科技有限公司 | G55: 32 | H55: 723.02 | I55: 4374 | J55: =VLOOKUP(D55,运费!B:C,2,0) -> 33.79 | K55: =H55*J55 -> 24430.846 | L55: {=(_xlfn.IFS(I55>=4300,570/5500*I55,I55>=3800,0.0806*I55,I55>=3300,0.0706*I55,I55>=2500,0.0676*I55,TRUE,0.02*I55)+10)*H55} -> 334979.11
A56: 22 | B56: 2024-02 | C56: 阳泉煤业集团翼城山凹煤业有限公司（2-1） | D56: 阳泉煤业集团翼城山凹煤业有限公司 | E56: 2024-02-阳泉煤业集团翼城山凹煤业有限公司 | F56: 晋能快成物流科技有限公司 | G56: 92 | H56: 2937.34 | I56: 4579 | J56: =VLOOKUP(D56,运费!B:C,2,0) -> 60.5 | K56: =H56*J56 -> 177709.07 | L56: {=(_xlfn.IFS(I56>=4300,570/5500*I56,I56>=3800,0.0806*I56,I56>=3300,0.0706*I56,I56>=2500,0.0676*I56,TRUE,0.02*I56)+10)*H56} -> 1423290.8
A57: 1 | B57: 2024-03 | C57: 大同煤矿集团北辛窑煤业有限公司（2-1火车） | D57: 大同煤矿集团北辛窑煤业有限公司 | E57: 2024-03-大同煤矿集团北辛窑煤业有限公司 | F57: 晋能快成物流科技有限公司 | G57: 1086 | H57: 20164.9 | I57: 3409 | J57: =VLOOKUP(D57,运费!B:C,2,0) -> 147.1 | K57: =H57*J57 -> 2966256.8 | L57: {=(_xlfn.IFS(I57>=4300,570/5500*I57,I57>=3800,0.0806*I57,I57>=3300,0.0706*I57,I57>=2500,0.0676*I57,TRUE,0.02*I57)+10)*H57} -> 5054844.4
A58: 2 | B58: 2024-03 | C58: 大同煤矿集团北辛窑煤业有限公司（3-1火车） | D58: 大同煤矿集团北辛窑煤业有限公司 | E58: 2024-03-大同煤矿集团北辛窑煤业有限公司 | F58: 晋能快成物流科技有限公司 | G58: 1393 | H58: 26168.38 | I58: 3409 | J58: =VLOOKUP(D58,运费!B:C,2,0) -> 147.1 | K58: =H58*J58 -> 3849368.7 | L58: {=(_xlfn.IFS(I58>=4300,570/5500*I58,I58>=3800,0.0806*I58,I58>=3300,0.0706*I58,I58>=2500,0.0676*I58,TRUE,0.02*I58)+10)*H58} -> 6559769.1
A59: 3 | B59: 2024-03 | C59: 晋能控股集团盛泰煤业有限公司（2-1） | D59: 晋能控股集团盛泰煤业有限公司 | E59: 2024-03-晋能控股集团盛泰煤业有限公司 | F59: 晋能快成物流科技有限公司 | G59: 16 | H59: 517.74 | I59: 3944 | J59: =VLOOKUP(D59,运费!B:C,2,0) -> 104.5 | K59: =H59*J59 -> 54103.83 | L59: {=(_xlfn.IFS(I59>=4300,570/5500*I59,I59>=3800,0.0806*I59,I59>=3300,0.0706*I59,I59>=2500,0.0676*I59,TRUE,0.02*I59)+10)*H59} -> 169759.9
... A78: 2 | B78: 2024-04 | C78: 晋能控股集团盛泰煤业有限公司（4-1） | D78: 晋能控股集团盛泰煤业有限公司 | E78: 2024-04-晋能控股集团盛泰煤业有限公司 | F78: 晋能快成物流科技有限公司 | G78: 179 | H78: 5858.72 | I78: 5138 | J78: =VLOOKUP(D78,运费!B:C,2,0) -> 104.5 | K78: =H78*J78 -> 612236.24 | L78: {=(_xlfn.IFS(I78>=4300,570/5500*I78,I78>=3800,0.0806*I78,I78>=3300,0.0706*I78,I78>=2500,0.0676*I78,TRUE,0.02*I78)+10)*H78} -> 3178259.7
A79: 3 | B79: 2024-04 | C79: 晋能控股煤业集团沁水胡底煤业有限公司（4-1） | D79: 晋能控股煤业集团沁水胡底煤业有限公司 | E79: 2024-04-晋能控股煤业集团沁水胡底煤业有限公司 | F79: 晋能快成物流科技有限公司 | G79: 46 | H79: 1437.8 | J79: =VLOOKUP(D79,运费!B:C,2,0) -> 78 | K79: =H79*J79 -> 112148.4 | L79: {=(_xlfn.IFS(I79>=4300,570/5500*I79,I79>=3800,0.0806*I79,I79>=3300,0.0706*I79,I79>=2500,0.0676*I79,TRUE,0.02*I79)+10)*H79} -> 14378
A80: 4 | B80: 2024-04 | C80: 晋能控股煤业集团翼城华泓煤业有限公司（4-1） | D80: 晋能控股煤业集团翼城华泓煤业有限公司 | E80: 2024-04-晋能控股煤业集团翼城华泓煤业有限公司 | F80: 晋能快成物流科技有限公司 | G80: 258 | H80: 8264.73 | I80: 3956 | J80: =VLOOKUP(D80,运费!B:C,2,0) -> 58 | K80: =H80*J80 -> 479354.34 | L80: {=(_xlfn.IFS(I80>=4300,570/5500*I80,I80>=3800,0.0806*I80,I80>=3300,0.0706*I80,I80>=2500,0.0676*I80,TRUE,0.02*I80)+10)*H80} -> 2717886.2
A81: 5 | B81: 2024-04 | C81: 山西汾河焦煤股份有限公司三交河煤矿（3-1） | D81: 山西汾河焦煤股份有限公司三交河煤矿 | E81: 2024-04-山西汾河焦煤股份有限公司三交河煤矿 | F81: 山西焦煤物流有限责任公司 | G81: 16 | H81: 508.56 | I81: 4368 | J81: =VLOOKUP(D81,运费!B:C,2,0) -> 117 | K81: =H81*J81 -> 59501.52 | L81: {=(_xlfn.IFS(I81>=4300,570/5500*I81,I81>=3800,0.0806*I81,I81>=3300,0.0706*I81,I81>=2500,0.0676*I81,TRUE,0.02*I81)+10)*H81} -> 235302.39
A82: 6 | B82: 2024-04 | C82: 山西汾河焦煤股份有限公司三交河煤矿（4-1） | D82: 山西汾河焦煤股份有限公司三交河煤矿 | E82: 2024-04-山西汾河焦煤股份有限公司三交河煤矿 | F82: 山西焦煤物流有限责任公司 | G82: 310 | H82: 9911.14 | I82: 4368 | J82: =VLOOKUP(D82,运费!B:C,2,0) -> 117 | K82: =H82*J82 -> 1159603.4 | L82: {=(_xlfn.IFS(I82>=4300,570/5500*I82,I82>=3800,0.0806*I82,I82>=3300,0.0706*I82,I82>=2500,0.0676*I82,TRUE,0.02*I82)+10)*H82} -> 4585722.3
A83: 7 | B83: 2024-04 | C83: 山西焦煤汾西矿业昊锦塬煤业(4-1) | D83: 山西焦煤汾西矿业昊锦塬煤业 | E83: 2024-04-山西焦煤汾西矿业昊锦塬煤业 | F83: 山西焦煤物流有限责任公司 | G83: 10 | H83: 309.64 | I83: 3399 | J83: =VLOOKUP(D83,运费!B:C,2,0) -> 81 | K83: =H83*J83 -> 25080.84 | L83: {=(_xlfn.IFS(I83>=4300,570/5500*I83,I83>=3800,0.0806*I83,I83>=3300,0.0706*I83,I83>=2500,0.0676*I83,TRUE,0.02*I83)+10)*H83} -> 77400.525
A84: 8 | B84: 2024-04 | C84: 山西焦煤霍州煤电雪坪煤业有限公司（4-1） | D84: 山西焦煤霍州煤电雪坪煤业有限公司 | E84: 2024-04-山西焦煤霍州煤电雪坪煤业有限公司 | F84: 山西焦煤物流有限责任公司 | G84: 44 | H84: 1341.06 | I84: 2974 | J84: =VLOOKUP(D84,运费!B:C,2,0) -> 70 | K84: =H84*J84 -> 93874.2 | L84: {=(_xlfn.IFS(I84>=4300,570/5500*I84,I84>=3800,0.0806*I84,I84>=3300,0.0706*I84,I84>=2500,0.0676*I84,TRUE,0.02*I84)+10)*H84} -> 283020.52
A85: 9 | B85: 2024-04 | C85: 山西焦煤集团辛置矿（4-1） | D85: 山西焦煤集团辛置矿 | E85: 2024-04-山西焦煤集团辛置矿 | F85: 山西焦煤物流有限责任公司 | G85: 92 | H85: 2983.36 | I85: 4012 | J85: =VLOOKUP(D85,运费!B:C,2,0) -> 79 | K85: =H85*J85 -> 235685.44 | L85: {=(_xlfn.IFS(I85>=4300,570/5500*I85,I85>=3800,0.0806*I85,I85>=3300,0.0706*I85,I85>=2500,0.0676*I85,TRUE,0.02*I85)+10)*H85} -> 994554.37
A86: 10 | B86: 2024-04 | C86: 山西晋煤集团晋圣亿欣煤业有限公司（3-1） | D86: 山西晋煤集团晋圣亿欣煤业有限公司 | E86: 2024-04-山西晋煤集团晋圣亿欣煤业有限公司 | F86: 晋能快成物流科技有限公司 | G86: 44 | H86: 1402.62 | I86: 3765 | J86: =VLOOKUP(D86,运费!B:C,2,0) -> 67 | K86: =H86*J86 -> 93975.54 | L86: {=(_xlfn.IFS(I86>=4300,570/5500*I86,I86>=3800,0.0806*I86,I86>=3300,0.0706*I86,I86>=2500,0.0676*I86,TRUE,0.02*I86)+10)*H86} -> 386855.22
A87: 11 | B87: 2024-04 | C87: 山西煤炭运销集团盖州煤业有限公司（4-1） | D87: 山西煤炭运销集团盖州煤业有限公司 | E87: 2024-04-山西煤炭运销集团盖州煤业有限公司 | F87: 晋能快成物流科技有限公司 | G87: 211 | H87: 6911.68 | I87: 4615 | J87: =VLOOKUP(D87,运费!B:C,2,0) -> 101.5 | K87: =H87*J87 -> 701535.52 | L87: {=(_xlfn.IFS(I87>=4300,570/5500*I87,I87>=3800,0.0806*I87,I87>=3300,0.0706*I87,I87>=2500,0.0676*I87,TRUE,0.02*I87)+10)*H87} -> 3374847.7
A88: 12 | B88: 2024-04 | C88: 山西蒲县华胜煤业有限公司（4-1） | D88: 山西蒲县华胜煤业有限公司 | E88: 2024-04-山西蒲县华胜煤业有限公司 | F88: 晋能快成物流科技有限公司 | G88: 716 | H88: 23063.5 | I88: 2927 | J88: =VLOOKUP(D88,运费!B:C,2,0) -> 82 | K88: =H88*J88 -> 1891207 | L88: {=(_xlfn.IFS(I88>=4300,570/5500*I88,I88>=3800,0.0806*I88,I88>=3300,0.0706*I88,I88>=2500,0.0676*I88,TRUE,0.02*I88)+10)*H88} -> 4794099
A89: 13 | B89: 2024-04 | C89: 太原煤气化股份有限公司炉峪口煤矿（3-1宝特） | D89: 太原煤气化股份有限公司炉峪口煤矿 | E89: 2024-04-太原煤气化股份有限公司炉峪口煤矿 | F89: 晋能快成物流科技有限公司 | G89: 120 | H89: 3596.48 | I89: 3074 | J89: =VLOOKUP(D89,运费!B:C,2,0) -> 116.8 | K89: =H89*J89 -> 420068.86 | L89: {=(_xlfn.IFS(I89>=4300,570/5500*I89,I89>=3800,0.0806*I89,I89>=3300,0.0706*I89,I89>=2500,0.0676*I89,TRUE,0.02*I89)+10)*H89} -> 783321.98
A90: 14 | B90: 2024-04 | C90: 太原煤气化龙泉能源（3-1火车） | D90: 太原煤气化龙泉能源 | E90: 2024-04-太原煤气化龙泉能源 | F90: 晋能快成物流科技有限公司 | G90: 366 | H90: 6866.68 | I90: 4971 | J90: =VLOOKUP(D90,运费!B:C,2,0) -> 108.51 | K90: =H90*J90 -> 745103.45 | L90: {=(_xlfn.IFS(I90>=4300,570/5500*I90,I90>=3800,0.0806*I90,I90>=3300,0.0706*I90,I90>=2500,0.0676*I90,TRUE,0.02*I90)+10)*H90} -> 3606218
A91: 15 | B91: 2024-04 | C91: 太原煤气化龙泉能源（4-1火车） | D91: 太原煤气化龙泉能源 | E91: 2024-04-太原煤气化龙泉能源 | F91: 晋能快成物流科技有限公司 | G91: 539 | H91: 9986.26 | I91: 4971 | J91: =VLOOKUP(D91,运费!B:C,2,0) -> 108.51 | K91: =H91*J91 -> 1083609.1 | L91: {=(_xlfn.IFS(I91>=4300,570/5500*I91,I91>=3800,0.0806*I91,I91>=3300,0.0706*I91,I91>=2500,0.0676*I91,TRUE,0.02*I91)+10)*H91} -> 5244547.7
... A136: 4 | B136: 2024-08 | C136: 晋能控股集团沁秀公司坪上煤业（8-1） | D136: 晋能控股集团沁秀公司坪上煤业 | E136: 2024-08-晋能控股集团沁秀公司坪上煤业 | F136: 晋能快成物流科技有限公司 | G136: 134 | H136: 4156.74 | I136: 5681 | J136: =VLOOKUP(D136,运费!B:C,2,0) -> 78 | K136: =H136*J136 -> 324225.72 | L136: {=(_xlfn.IFS(I136>=4300,570/5500*I136,I136>=3800,0.0806*I136,I136>=3300,0.0706*I136,I136>=2500,0.0676*I136,TRUE,0.02*I136)+10)*H136} -> 2488882.1
A137: 5 | B137: 2024-08 | C137: 晋能控股集团盛泰煤业有限公司（7-1） | D137: 晋能控股集团盛泰煤业有限公司 | E137: 2024-08-晋能控股集团盛泰煤业有限公司 | F137: 晋能快成物流科技有限公司 | G137: 1 | H137: 30.92 | J137: =VLOOKUP(D137,运费!B:C,2,0) -> 104.5 | K137: =H137*J137 -> 3231.14 | L137: {=(_xlfn.IFS(I137>=4300,570/5500*I137,I137>=3800,0.0806*I137,I137>=3300,0.0706*I137,I137>=2500,0.0676*I137,TRUE,0.02*I137)+10)*H137} -> 309.2
A138: 6 | B138: 2024-08 | C138: 晋能控股煤业集团翼城华泓煤业有限公司（8-1） | D138: 晋能控股煤业集团翼城华泓煤业有限公司 | E138: 2024-08-晋能控股煤业集团翼城华泓煤业有限公司 | F138: 晋能快成物流科技有限公司 | G138: 555 | H138: 17876.7 | I138: 4577 | J138: =VLOOKUP(D138,运费!B:C,2,0) -> 58 | K138: =H138*J138 -> 1036848.6 | L138: {=(_xlfn.IFS(I138>=4300,570/5500*I138,I138>=3800,0.0806*I138,I138>=3300,0.0706*I138,I138>=2500,0.0676*I138,TRUE,0.02*I138)+10)*H138} -> 8658465.9
A139: 7 | B139: 2024-08 | C139: 山西焦煤霍州煤电雪坪煤业有限公司（8-1） | D139: 山西焦煤霍州煤电雪坪煤业有限公司 | E139: 2024-08-山西焦煤霍州煤电雪坪煤业有限公司 | F139: 山西焦煤物流有限责任公司 | G139: 106 | H139: 3355.42 | I139: 3484 | J139: =VLOOKUP(D139,运费!B:C,2,0) -> 70 | K139: =H139*J139 -> 234879.4 | L139: {=(_xlfn.IFS(I139>=4300,570/5500*I139,I139>=3800,0.0806*I139,I139>=3300,0.0706*I139,I139>=2500,0.0676*I139,TRUE,0.02*I139)+10)*H139} -> 858888.2
A140: 8 | B140: 2024-08 | C140: 山西焦煤集团金辛达煤业（8-1） | D140: 山西焦煤集团金辛达煤业 | E140: 2024-08-山西焦煤集团金辛达煤业 | F140: 山西焦煤物流有限责任公司 | G140: 21 | H140: 616.1 | I140: 3665 | J140: =VLOOKUP(D140,运费!B:C,2,0) -> 113 | K140: =H140*J140 -> 69619.3 | L140: {=(_xlfn.IFS(I140>=4300,570/5500*I140,I140>=3800,0.0806*I140,I140>=3300,0.0706*I140,I140>=2500,0.0676*I140,TRUE,0.02*I140)+10)*H140} -> 165576.26
A141: 9 | B141: 2024-08 | C141: 山西晋煤集团晋圣亿欣煤业有限公司（8-1） | D141: 山西晋煤集团晋圣亿欣煤业有限公司 | E141: 2024-08-山西晋煤集团晋圣亿欣煤业有限公司 | F141: 晋能快成物流科技有限公司 | G141: 187 | H141: 5756.38 | I141: 3794 | J141: =VLOOKUP(D141,运费!B:C,2,0) -> 67 | K141: =H141*J141 -> 385677.46 | L141: {=(_xlfn.IFS(I141>=4300,570/5500*I141,I141>=3800,0.0806*I141,I141>=3300,0.0706*I141,I141>=2500,0.0676*I141,TRUE,0.02*I141)+10)*H141} -> 1599447
A142: 10 | B142: 2024-08 | C142: 山西晋煤集团临汾晋牛煤矿投资有限责任公司（8-1） | D142: 山西晋煤集团临汾晋牛煤矿投资有限责任公司 | E142: 2024-08-山西晋煤集团临汾晋牛煤矿投资有限责任公司 | F142: 山西焦煤物流有限责任公司 | G142: 33 | H142: 997.88 | I142: 4063 | J142: =VLOOKUP(D142,运费!B:C,2,0) -> 108 | K142: =H142*J142 -> 107771.04 | L142: {=(_xlfn.IFS(I142>=4300,570/5500*I142,I142>=3800,0.0806*I142,I142>=3300,0.0706*I142,I142>=2500,0.0676*I142,TRUE,0.02*I142)+10)*H142} -> 336762.35
A143: 11 | B143: 2024-08 | C143: 山西晋煤集团沁秀煤业有限公司岳城煤矿(8-1) | D143: 山西晋煤集团沁秀煤业有限公司岳城煤矿 | E143: 2024-08-山西晋煤集团沁秀煤业有限公司岳城煤矿 | F143: 晋能快成物流科技有限公司 | G143: 156 | H143: 4930.28 | I143: 5576 | J143: =VLOOKUP(D143,运费!B:C,2,0) -> 81 | K143: =H143*J143 -> 399352.68 | L143: {=(_xlfn.IFS(I143>=4300,570/5500*I143,I143>=3800,0.0806*I143,I143>=3300,0.0706*I143,I143>=2500,0.0676*I143,TRUE,0.02*I143)+10)*H143} -> 2898395.1
A144: 12 | B144: 2024-08 | C144: 山西煤炭运销集团莲盛有限公司（8-1火车） | D144: 山西煤炭运销集团莲盛有限公司 | E144: 2024-08-山西煤炭运销集团莲盛有限公司 | F144: 晋能快成物流科技有限公司 | G144: 440 | H144: 12765.34 | I144: 3970 | J144: =VLOOKUP(D144,运费!B:C,2,0) -> 175.5 | K144: =H144*J144 -> 2240317.2 | L144: {=(_xlfn.IFS(I144>=4300,570/5500*I144,I144>=3800,0.0806*I144,I144>=3300,0.0706*I144,I144>=2500,0.0676*I144,TRUE,0.02*I144)+10)*H144} -> 4212332.4
A145: 13 | B145: 2024-08 | C145: 山西煤炭运销集团神农煤业有限公司（8-1） | D145: 山西煤炭运销集团神农煤业有限公司 | E145: 2024-08-山西煤炭运销集团神农煤业有限公司 | F145: 晋能快成物流科技有限公司 | G145: 40 | H145: 1264.14 | I145: 4930 | J145: =VLOOKUP(D145,运费!B:C,2,0) -> 105 | K145: =H145*J145 -> 132734.7 | L145: {=(_xlfn.IFS(I145>=4300,570/5500*I145,I145>=3800,0.0806*I145,I145>=3300,0.0706*I145,I145>=2500,0.0676*I145,TRUE,0.02*I145)+10)*H145} -> 658525
A146: 14 | B146: 2024-08 | C146: 山西煤炭运销集团野川有限公司（8-1） | D146: 山西煤炭运销集团野川有限公司 | E146: 2024-08-山西煤炭运销集团野川有限公司 | F146: 晋能快成物流科技有限公司 | G146: 30 | H146: 978.74 | I146: 5225 | J146: =VLOOKUP(D146,运费!B:C,2,0) -> 114.09 | K146: =H146*J146 -> 111664.45 | L146: {=(_xlfn.IFS(I146>=4300,570/5500*I146,I146>=3800,0.0806*I146,I146>=3300,0.0706*I146,I146>=2500,0.0676*I146,TRUE,0.02*I146)+10)*H146} -> 539775.11
A147: 15 | B147: 2024-08 | C147: 山西蒲县华胜煤业有限公司（8-1） | D147: 山西蒲县华胜煤业有限公司 | E147: 2024-08-山西蒲县华胜煤业有限公司 | F147: 晋能快成物流科技有限公司 | G147: 829 | H147: 26783.82 | I147: 2849 | J147: =VLOOKUP(D147,运费!B:C,2,0) -> 82 | K147: =H147*J147 -> 2196273.2 | L147: {=(_xlfn.IFS(I147>=4300,570/5500*I147,I147>=3800,0.0806*I147,I147>=3300,0.0706*I147,I147>=2500,0.0676*I147,TRUE,0.02*I147)+10)*H147} -> 5426198.4
A148: 16 | B148: 2024-08 | C148: 太原煤气化龙泉能源（6-1火车） | D148: 太原煤气化龙泉能源 | E148: 2024-08-太原煤气化龙泉能源 | F148: 晋能快成物流科技有限公司 | G148: 144 | H148: 4176.58 | I148: 4835 | J148: =VLOOKUP(D148,运费!B:C,2,0) -> 108.51 | K148: =H148*J148 -> 453200.7 | L148: {=(_xlfn.IFS(I148>=4300,570/5500*I148,I148>=3800,0.0806*I148,I148>=3300,0.0706*I148,I148>=2500,0.0676*I148,TRUE,0.02*I148)+10)*H148} -> 2134574.1
A149: 17 | B149: 2024-08 | C149: 太原煤气化龙泉能源（7-1火车） | D149: 太原煤气化龙泉能源 | E149: 2024-08-太原煤气化龙泉能源 | F149: 晋能快成物流科技有限公司 | G149: 371 | H149: 10704.1 | I149: 4835 | J149: =VLOOKUP(D149,运费!B:C,2,0) -> 108.51 | K149: =H149*J149 -> 1161501.9 | L149: {=(_xlfn.IFS(I149>=4300,570/5500*I149,I149>=3800,0.0806*I149,I149>=3300,0.0706*I149,I149>=2500,0.0676*I149,TRUE,0.02*I149)+10)*H149} -> 5470670.9
... A176: 6 | B176: 2024-10 | C176: 山西焦煤集团国际贸易有限责任公司（10-1） | D176: 山西焦煤集团国际贸易有限责任公司 | E176: 2024-10-山西焦煤集团国际贸易有限责任公司 | F176: 山西焦煤物流有限责任公司 | G176: 735 | H176: 22748.55 | I176: 3931 | J176: =VLOOKUP(D176,运费!B:C,2,0) -> 68 | K176: =H176*J176 -> 1546901.4 | L176: {=(_xlfn.IFS(I176>=4300,570/5500*I176,I176>=3800,0.0806*I176,I176>=3300,0.0706*I176,I176>=2500,0.0676*I176,TRUE,0.02*I176)+10)*H176} -> 7435104.2
A177: 7 | B177: 2024-10 | C177: 山西焦煤集团金辛达煤业（10-1） | D177: 山西焦煤集团金辛达煤业 | E177: 2024-10-山西焦煤集团金辛达煤业 | F177: 山西焦煤物流有限责任公司 | G177: 18 | H177: 528.74 | J177: =VLOOKUP(D177,运费!B:C,2,0) -> 113 | K177: =H177*J177 -> 59747.62 | L177: {=(_xlfn.IFS(I177>=4300,570/5500*I177,I177>=3800,0.0806*I177,I177>=3300,0.0706*I177,I177>=2500,0.0676*I177,TRUE,0.02*I177)+10)*H177} -> 5287.4
A178: 8 | B178: 2024-10 | C178: 山西晋煤集团晋圣亿欣煤业有限公司（10-1） | D178: 山西晋煤集团晋圣亿欣煤业有限公司 | E178: 2024-10-山西晋煤集团晋圣亿欣煤业有限公司 | F178: 晋能快成物流科技有限公司 | G178: 187 | H178: 5767.56 | I178: 4648 | J178: =VLOOKUP(D178,运费!B:C,2,0) -> 67 | K178: =H178*J178 -> 386426.52 | L178: {=(_xlfn.IFS(I178>=4300,570/5500*I178,I178>=3800,0.0806*I178,I178>=3300,0.0706*I178,I178>=2500,0.0676*I178,TRUE,0.02*I178)+10)*H178} -> 2835919.7
A179: 9 | B179: 2024-10 | C179: 山西煤炭运销集团莲盛有限公司（10-1火车） | D179: 山西煤炭运销集团莲盛有限公司 | E179: 2024-10-山西煤炭运销集团莲盛有限公司 | F179: 晋能快成物流科技有限公司 | G179: 415 | H179: 11977.36 | I179: 3570 | J179: =VLOOKUP(D179,运费!B:C,2,0) -> 175.5 | K179: =H179*J179 -> 2102026.7 | L179: {=(_xlfn.IFS(I179>=4300,570/5500*I179,I179>=3800,0.0806*I179,I179>=3300,0.0706*I179,I179>=2500,0.0676*I179,TRUE,0.02*I179)+10)*H179} -> 3138571.4
A180: 10 | B180: 2024-10 | C180: 山西煤炭运销集团神农煤业有限公司（10-1） | D180: 山西煤炭运销集团神农煤业有限公司 | E180: 2024-10-山西煤炭运销集团神农煤业有限公司 | F180: 晋能快成物流科技有限公司 | G180: 62 | H180: 1957.22 | I180: 5259 | J180: =VLOOKUP(D180,运费!B:C,2,0) -> 105 | K180: =H180*J180 -> 205508.1 | L180: {=(_xlfn.IFS(I180>=4300,570/5500*I180,I180>=3800,0.0806*I180,I180>=3300,0.0706*I180,I180>=2500,0.0676*I180,TRUE,0.02*I180)+10)*H180} -> 1086303.4
A181: 11 | B181: 2024-10 | C181: 山西煤炭运销集团野川有限公司（10-1） | D181: 山西煤炭运销集团野川有限公司 | E181: 2024-10-山西煤炭运销集团野川有限公司 | F181: 晋能快成物流科技有限公司 | G181: 62 | H181: 1958.6 | I181: 5111 | J181: =VLOOKUP(D181,运费!B:C,2,0) -> 114.09 | K181: =H181*J181 -> 223456.67 | L181: {=(_xlfn.IFS(I181>=4300,570/5500*I181,I181>=3800,0.0806*I181,I181>=3300,0.0706*I181,I181>=2500,0.0676*I181,TRUE,0.02*I181)+10)*H181} -> 1057027.9
A182: 12 | B182: 2024-10 | C182: 山西蒲县华胜煤业有限公司（10-1） | D182: 山西蒲县华胜煤业有限公司 | E182: 2024-10-山西蒲县华胜煤业有限公司 | F182: 晋能快成物流科技有限公司 | G182: 1078 | H182: 34538.77 | I182: 2993 | J182: =VLOOKUP(D182,运费!B:C,2,0) -> 82 | K182: =H182*J182 -> 2832179.1 | L182: {=(_xlfn.IFS(I182>=4300,570/5500*I182,I182>=3800,0.0806*I182,I182>=3300,0.0706*I182,I182>=2500,0.0676*I182,TRUE,0.02*I182)+10)*H182} -> 7333506.5
A183: 13 | B183: 2024-10 | C183: 太原煤气化龙泉能源（10-1火车） | D183: 太原煤气化龙泉能源 | E183: 2024-10-太原煤气化龙泉能源 | F183: 晋能快成物流科技有限公司 | G183: 336 | H183: 9716.38 | I183: 4697 | J183: =VLOOKUP(D183,运费!B:C,2,0) -> 108.51 | K183: =H183*J183 -> 1054324.4 | L183: {=(_xlfn.IFS(I183>=4300,570/5500*I183,I183>=3800,0.0806*I183,I183>=3300,0.0706*I183,I183>=2500,0.0676*I183,TRUE,0.02*I183)+10)*H183} -> 4826903.3
A184: 14 | B184: 2024-10 | C184: 太原煤气化龙泉能源（9-1火车） | D184: 太原煤气化龙泉能源 | E184: 2024-10-太原煤气化龙泉能源 | F184: 晋能快成物流科技有限公司 | G184: 318 | H184: 9169.64 | I184: 4697 | J184: =VLOOKUP(D184,运费!B:C,2,0) -> 108.51 | K184: =H184*J184 -> 994997.64 | L184: {=(_xlfn.IFS(I184>=4300,570/5500*I184,I184>=3800,0.0806*I184,I184>=3300,0.0706*I184,I184>=2500,0.0676*I184,TRUE,0.02*I184)+10)*H184} -> 4555293.8
A185: 15 | B185: 2024-10 | C185: 阳泉煤业集团翼城山凹煤业有限公司（10-1） | D185: 阳泉煤业集团翼城山凹煤业有限公司 | E185: 2024-10-阳泉煤业集团翼城山凹煤业有限公司 | F185: 晋能快成物流科技有限公司 | G185: 635 | H185: 19826.94 | I185: 4573 | J185: =VLOOKUP(D185,运费!B:C,2,0) -> 60.5 | K185: =H185*J185 -> 1199529.9 | L185: {=(_xlfn.IFS(I185>=4300,570/5500*I185,I185>=3800,0.0806*I185,I185>=3300,0.0706*I185,I185>=2500,0.0676*I185,TRUE,0.02*I185)+10)*H185} -> 9594833
A186: 1 | B186: 2024-11 | C186: 大同煤矿集团北辛窑煤业有限公司（9-1火车） | D186: 大同煤矿集团北辛窑煤业有限公司 | E186: 2024-11-大同煤矿集团北辛窑煤业有限公司 | F186: 晋能快成物流科技有限公司 | G186: 600 | H186: 17346.97 | I186: 2228 | J186: =VLOOKUP(D186,运费!B:C,2,0) -> 147.1 | K186: =H186*J186 -> 2551739.3 | L186: {=(_xlfn.IFS(I186>=4300,570/5500*I186,I186>=3800,0.0806*I186,I186>=3300,0.0706*I186,I186>=2500,0.0676*I186,TRUE,0.02*I186)+10)*H186} -> 946450.68
A187: 2 | B187: 2024-11 | C187: 晋能控股集团沁秀公司坪上煤业（11-1） | D187: 晋能控股集团沁秀公司坪上煤业 | E187: 2024-11-晋能控股集团沁秀公司坪上煤业 | F187: 晋能快成物流科技有限公司 | G187: 160 | H187: 4961.08 | I187: 6000 | J187: =VLOOKUP(D187,运费!B:C,2,0) -> 78 | K187: =H187*J187 -> 386964.24 | L187: {=(_xlfn.IFS(I187>=4300,570/5500*I187,I187>=3800,0.0806*I187,I187>=3300,0.0706*I187,I187>=2500,0.0676*I187,TRUE,0.02*I187)+10)*H187} -> 3134500.5
A188: 3 | B188: 2024-11 | C188: 晋能控股煤业集团沁水胡底煤业有限公司（11-1） | D188: 晋能控股煤业集团沁水胡底煤业有限公司 | E188: 2024-11-晋能控股煤业集团沁水胡底煤业有限公司 | F188: 晋能快成物流科技有限公司 | G188: 461 | H188: 14269.66 | I188: 4587 | J188: =VLOOKUP(D188,运费!B:C,2,0) -> 78 | K188: =H188*J188 -> 1113033.5 | L188: {=(_xlfn.IFS(I188>=4300,570/5500*I188,I188>=3800,0.0806*I188,I188>=3300,0.0706*I188,I188>=2500,0.0676*I188,TRUE,0.02*I188)+10)*H188} -> 6926207.6
A189: 4 | B189: 2024-11 | C189: 晋能控股煤业集团翼城华泓煤业有限公司（11-1） | D189: 晋能控股煤业集团翼城华泓煤业有限公司 | E189: 2024-11-晋能控股煤业集团翼城华泓煤业有限公司 | F189: 晋能快成物流科技有限公司 | G189: 394 | H189: 12577.48 | I189: 4422 | J189: =VLOOKUP(D189,运费!B:C,2,0) -> 58 | K189: =H189*J189 -> 729493.84 | L189: {=(_xlfn.IFS(I189>=4300,570/5500*I189,I189>=3800,0.0806*I189,I189>=3300,0.0706*I189,I189>=2500,0.0676*I189,TRUE,0.02*I189)+10)*H189} -> 5889782.3
... A216: 14 | B216: 2024-12 | C216: 阳泉煤业集团翼城山凹煤业有限公司（12-1） | D216: 阳泉煤业集团翼城山凹煤业有限公司 | E216: 2024-12-阳泉煤业集团翼城山凹煤业有限公司 | F216: 晋能快成物流科技有限公司 | G216: 1225 | H216: 37736.6 | I216: 3638 | J216: =VLOOKUP(D216,运费!B:C,2,0) -> 60.5 | K216: =H216*J216 -> 2283064.3 | L216: {=(_xlfn.IFS(I216>=4300,570/5500*I216,I216>=3800,0.0806*I216,I216>=3300,0.0706*I216,I216>=2500,0.0676*I216,TRUE,0.02*I216)+10)*H216} -> 10069740
K217: =SUBTOTAL(109,K2:K216) -> 1.8423943e+08 | L217: =SUM(L2:L216) -> 6.60653e+08
K218: =K217/1.09 -> 1.69027e+08

Sheet 运费
A1: 供应商 | B1: 供应商业称 | C1: 含税运费 | D1: 类别 | E1: 运输方式 | F1: 矿发单价 | G1: 忻州物流 | H1: 铁路运费 | I1: 上站装卸 | J1: 上站短倒 | K1: 下站装卸 | L1: 到厂快成单价
A2: 山凹 | B2: 阳泉煤业集团翼城山凹煤业有限公司 | C2: 60.5 | D2: 集团煤 | E2: 汽运 | L2: 60.5
A3: 华泓 | B3: 晋能控股煤业集团翼城华泓煤业有限公司 | C3: 58 | D3: 集团煤 | E3: 汽运 | L3: 58
A4: 炉峪口 | B4: 太原煤气化股份有限公司炉峪口煤矿 | C4: 116.8 | D4: 集团煤 | E4: 铁路 | H4: 80.3 | K4: 13 | L4: 23.5
A5: 龙泉 | B5: 太原煤气化龙泉能源 | C5: 108.51 | D5: 集团煤 | E5: 铁路 | H5: 72.01 | K5: 13 | L5: 23.5
A6: 华胜 | B6: 山西蒲县华胜煤业有限公司 | C6: 82 | D6: 集团煤 | E6: 汽运 | L6: 82
A7: 晋牛 | B7: 山西晋煤集团临汾晋牛煤矿投资有限责任公司 | C7: 108 | D7: 焦煤 | E7: 汽运
A8: 雪坪 | B8: 山西焦煤霍州煤电雪坪煤业有限公司 | C8: 70 | D8: 焦煤 | E8: 汽运
A9: 亿欣 | B9: 山西晋煤集团晋圣亿欣煤业有限公司 | C9: 67 | D9: 集团煤 | E9: 汽运 | L9: 67
A10: 昊兴塬 | B10: 山西焦煤集团昊兴塬煤业 | C10: 85 | D10: 焦煤 | E10: 汽运
A11: 金辛达 | B11: 山西焦煤集团金辛达煤业 | C11: 113 | D11: 焦煤 | E11: 汽运
A12: 程家沟 | B12: 大同煤矿集团有限公司程家沟煤矿 | C12: 192.75 | D12: 集团煤 | E12: 铁路 | H12: 90.25 | I12: 40 | J12: 26 | K12: 13 | L12: 23.5
A13: 同基 | C13: 206.06 | D13: 集团煤 | E13: 铁路 | H13: 89.56 | I13: 40 | J13: 40 | K13: 13 | L13: 23.5
A14: 北辛窑 | B14: 大同煤矿集团北辛窑煤业有限公司 | C14: 147.1 | D14: 集团煤 | E14: 铁路 | G14: 45.6 | H14: 65 | K14: 13 | L14: 23.5
A15: 四明山 | B15: 山西煤炭运销集团四明山煤业有限公司 | C15: 104.5 | D15: 集团煤 | E15: 汽运 | L15: 104.5
A16: 盖州 | B16: 山西煤炭运销集团盖州煤业有限公司 | C16: 101.5 | D16: 集团煤 | E16: 汽运 | L16: 101.5
A17: 胡底 | B17: 晋能控股煤业集团沁水胡底煤业有限公司 | C17: 78 | D17: 集团煤 | E17: 汽运 | L17: 78
A18: 昊锦塬 | B18: 山西焦煤汾西矿业昊锦塬煤业 | C18: 81 | D18: 焦煤 | E18: 汽运
A19: 盛泰 | B19: 晋能控股集团盛泰煤业有限公司 | C19: 104.5 | D19: 集团煤 | E19: 汽运 | L19: 104.5
A20: 三交河 | B20: 山西汾河焦煤股份有限公司三交河煤矿 | C20: 117 | D20: 焦煤 | E20: 汽运
A21: 神农 | B21: 山西煤炭运销集团神农煤业有限公司 | C21: 105 | D21: 集团煤 | E21: 汽运 | L21: 105
A22: 坪上 | B22: 晋能控股集团沁秀公司坪上煤业 | C22: 78 | D22: 集团煤 | E22: 汽运 | L22: 78
A23: 焦煤国际 | B23: 山西焦煤集团国际贸易有限责任公司 | C23: 68 | D23: 焦煤 | E23: 汽运
A24: 岳城 | B24: 山西晋煤集团沁秀煤业有限公司岳城煤矿 | C24: 81 | D24: 集团煤 | E24: 汽运 | L24: 81
A25: 襄汾浩群 | B25: 襄汾县浩群煤业有限公司 | C25: =31*1.09 -> 33.79 | D25: 市场煤 | E25: 汽运
A26: 搿悦能源 | B26: 山西搿悦能源科技有限公司 | C26: =20*1.09 -> 21.8 | D26: 市场煤 | E26: 汽运
A27: 鑫健商贸 | B27: 山西鑫健商贸有限公司 | C27: =20*1.09 -> 21.8 | D27: 市场煤 | E27: 汽运
A28: 洪洞阳光 | B28: 洪洞阳光能源有限公司 | C28: =9.5*1.09 -> 10.355 | D28: 市场煤 | E28: 汽运
A29: 芳瑞芳菲 | B29: 山西芳瑞芳菲商贸有限公司 | C29: =9.5*1.09 -> 10.355 | D29: 市场煤 | E29: 汽运
A30: 鼎坤源 | B30: 侯马鼎坤源能源有限公司 | C30: =31*1.09 -> 33.79 | D30: 市场煤 | E30: 汽运
A31: 陆港现代 | B31: 山西陆港现代物流发展有限公司 | C31: =20*1.09 -> 21.8 | D31: 市场煤 | E31: 汽运
A32: 河南农投 | B32: 河南农投供应链管理有限公司 | C32: =20*1.09 -> 21.8 | D32: 市场煤 | E32: 汽运
A33: 山西统配 | B33: 山西统配煤炭物流有限公司 | C33: =20*1.09 -> 21.8 | D33: 市场煤 | E33: 汽运
A34: 鑫鑫商贸 | B34: 临汾市侯马经济开发区鑫鑫商贸有限公司 | C34: =9.5*1.09 -> 10.355 | D34: 市场煤 | E34: 汽运
A35: 骏盛通 | B35: 山西骏盛通能源有限公司 | C35: =9.5*1.09 -> 10.355 | D35: 市场煤 | E35: 汽运
A36: 太行云商 | B36: 山西太行云商科技有限公司 | C36: =9.5*1.09 -> 10.355 | D36: 市场煤 | E36: 汽运
A37: 小峪 | B37: 大同煤矿集团朔煤小峪煤业有限公司 | C37: 143.92 | D37: 集团煤 | E37: 铁路 | H37: 107.42 | K37: 13 | L37: 23.5
A38: 莲盛 | B38: 山西煤炭运销集团莲盛有限公司 | C38: 175.5 | D38: 集团煤 | E38: 铁路 | F38: 36 | G38: 38 | H38: 65 | K38: 13 | L38: 23.5
A39: 野川 | B39: 山西煤炭运销集团野川有限公司 | C39: 114.09 | D39: 集团煤 | E39: 汽运 | L39: 114.09
A40: 辛置 | B40: 山西焦煤集团辛置矿 | C40: 79 | D40: 焦煤 | E40: 汽运
A41: 小峪(汽运阳方口) | B41: 大同煤矿集团朔煤小峪煤业有限公司 | C41: 191.5 | D41: 集团煤 | E41: 铁路 | F41: 52 | G41: 38 | H41: 65 | K41: 13 | L41: 23.5
A42: 龙泉11 | B42: 太原煤气化龙泉能源 | C42: 105.01 | D42: 集团煤 | E42: 铁路 | H42: 72.01 | K42: 14 | L42: 19
A43: 小峪10 | B43: 大同煤矿集团朔煤小峪煤业有限公司 | C43: 140.42 | D43: 集团煤 | E43: 铁路 | H43: 107.42 | K43: 14 | L43: 19
A44: 炉峪口11 | B44: 太原煤气化股份有限公司炉峪口煤矿 | C44: 113.3 | D44: 集团煤 | E44: 铁路 | H44: 80.3 | K44: 14 | L44: 19
